title,address,floor,madori,fee /yen,management_fee /yen,deposit /yen,gratuity /yen,menseki /m2
ロイジェント九段,東京都千代田区九段北１,2階,1K,151000,0,151000,0,30.4
ロイジェント九段,東京都千代田区九段北１,5階,1K,152000,0,152000,0,29.43
ロイジェント九段,東京都千代田区九段北１,10階,2LDK,292000,0,292000,292000,61.33
KWレジデンス麹町,東京都千代田区麹町３,6階,1K,162000,15000,162000,162000,33.1
KWレジデンス麹町,東京都千代田区麹町３,7階,1K,162000,15000,162000,162000,33.1
KWレジデンス麹町,東京都千代田区麹町３,5階,1LDK,229000,20000,229000,229000,50.56
KWレジデンス麹町,東京都千代田区麹町３,10階,2LDK,532000,20000,532000,532000,82.71
KWレジデンス麹町,東京都千代田区麹町３,12階,2LDK,533000,20000,533000,533000,82.71
ピークス神田,東京都千代田区神田西福田町,3階,1LDK,152000,10000,152000,0,35.74
ピークス神田,東京都千代田区神田西福田町,14階,1LDK,182000,10000,182000,0,37.64
ピークス神田,東京都千代田区神田西福田町,13階,1LDK,183000,10000,183000,0,37.64
東京メトロ銀座線 神田駅 12階建 築3年,東京都千代田区神田多町２,6階,1LDK,185000,15000,185000,185000,35.43
東京メトロ銀座線 神田駅 12階建 築3年,東京都千代田区神田多町２,10階,3LDK,379000,20000,0,379000,61.89
東京メトロ銀座線 神田駅 12階建 築3年,東京都千代田区神田多町２,10階,3LDK,389000,20000,0,389000,61.89
東京メトロ銀座線 神田駅 12階建 築3年,東京都千代田区神田多町２,12階,3LDK,409000,20000,0,409000,61.89
パークリュクス神田,東京都千代田区神田多町２,10階,3LDK,409000,20000,0,409000,61.89
Ｌｅ　Ｎｉｄ　ＫＡＮＤＡ（ルニ神田）,東京都千代田区神田北乗物町,8階,1LDK,200000,10000,0,0,40.42
シュトラーレ四番町,東京都千代田区四番町,1階,1LDK,228000,4400,0,228000,59.12
市ヶ谷スクエアレジデンス,東京都千代田区九段北４,11階,2LDK,270000,0,270000,270000,52.14
市ヶ谷スクエアレジデンス,東京都千代田区九段北４,10階,2LDK,295000,0,295000,295000,62.19
市ヶ谷スクエアレジデンス,東京都千代田区九段北４,10階,2LDK,298000,0,298000,298000,62.19
ハーモニーレジデンス秋葉原,東京都千代田区岩本町２,3階,1K,97000,10000,0,97000,25.47
ハーモニーレジデンス秋葉原,東京都千代田区岩本町２,2階,1LDK,150000,10000,0,150000,40.34
ハーモニーレジデンス秋葉原,東京都千代田区岩本町２,2階,1LDK,153000,10000,0,153000,40.34
ＪＲ山手線 神田駅 14階建 築7年,東京都千代田区神田西福田町,12階,1LDK,180000,10000,180000,0,40.13
ＪＲ山手線 神田駅 14階建 築7年,東京都千代田区神田西福田町,11階,1LDK,182000,10000,182000,0,37.64
ＪＲ山手線 神田駅 13階建 築19年,東京都千代田区岩本町２,3階,ワンルーム,95000,10000,95000,0,24.49
ＪＲ山手線 神田駅 13階建 築19年,東京都千代田区岩本町２,5階,1K,100000,10000,100000,100000,24.49
ＪＲ山手線 神田駅 13階建 築19年,東京都千代田区岩本町２,13階,1LDK,210000,15000,210000,210000,55.25
ＪＲ山手線 神田駅 13階建 築18年,東京都千代田区神田多町２,5階,1LDK,160000,10000,160000,160000,32.88
東京メトロ日比谷線 小伝馬町駅 12階建 築10年,東京都千代田区岩本町１,3階,1LDK,153000,10000,0,153000,37.64
アビタシオン創,東京都千代田区内神田２,2階,ワンルーム,133000,9000,133000,133000,26.09
アビタシオン創,東京都千代田区内神田２,2階,ワンルーム,133000,10000,0,133000,26.86
アビタシオン創,東京都千代田区内神田２,3階,1K,134000,10000,0,134000,26.86
アビタシオン創,東京都千代田区内神田２,4階,1K,135000,10000,0,135000,26.86
アビタシオン創,東京都千代田区内神田２,5階,ワンルーム,136000,9000,0,136000,26.86
アビタシオン創,東京都千代田区内神田２,5階,1K,136000,10000,0,136000,26.86
アビタシオン創,東京都千代田区内神田２,7階,1K,138000,9000,138000,138000,26.86
アビタシオン創,東京都千代田区内神田２,6階,1K,137000,10000,0,137000,26.86
アビタシオン創,東京都千代田区内神田２,2階,1K,143000,9000,143000,143000,30.23
アビタシオン創,東京都千代田区内神田２,3階,1K,145000,9000,145000,145000,30.23
アビタシオン創,東京都千代田区内神田２,3階,1K,145000,10000,145000,145000,30.02
アビタシオン創,東京都千代田区内神田２,8階,1K,150000,9000,150000,150000,30.23
アビタシオン創,東京都千代田区内神田２,2階,1LDK,194000,11000,194000,194000,40.0
アビタシオン創,東京都千代田区内神田２,2階,1LDK,194000,12000,0,194000,40.0
アビタシオン創,東京都千代田区内神田２,3階,1LDK,195000,11000,195000,195000,40.0
アビタシオン創,東京都千代田区内神田２,3階,1LDK,195000,12000,0,195000,40.0
アビタシオン創,東京都千代田区内神田２,4階,1LDK,196000,12000,0,196000,40.0
アビタシオン創,東京都千代田区内神田２,5階,1LDK,197000,11000,0,197000,40.0
アビタシオン創,東京都千代田区内神田２,9階,1LDK,197000,11000,197000,197000,38.63
アビタシオン創,東京都千代田区内神田２,5階,1LDK,197000,12000,0,197000,40.0
アビタシオン創,東京都千代田区内神田２,6階,1LDK,198000,12000,0,198000,40.0
アビタシオン創,東京都千代田区内神田２,10階,1LDK,198000,12000,198000,198000,38.9
アビタシオン創,東京都千代田区内神田２,11階,1LDK,199000,11000,199000,199000,38.63
アビタシオン創,東京都千代田区内神田２,7階,1LDK,199000,12000,0,199000,40.0
アビタシオン創,東京都千代田区内神田２,11階,1LDK,199000,12000,0,199000,38.63
アビタシオン創,東京都千代田区内神田２,8階,1LDK,200000,12000,200000,200000,40.0
アビタシオン創,東京都千代田区内神田２,12階,1LDK,201000,11000,201000,201000,38.63
アビタシオン創,東京都千代田区内神田２,12階,1LDK,201000,12000,201000,201000,38.63
アビタシオン創,東京都千代田区内神田２,9階,2LDK,297000,15000,297000,297000,59.73
アビタシオン創,東京都千代田区内神田２,11階,2LDK,299000,14000,299000,299000,59.73
グラン，フォークス神田イーストタワー,東京都千代田区鍛冶町２,7階,1K,120000,8000,120000,120000,26.17
グラン，フォークス神田イーストタワー,東京都千代田区鍛冶町２,8階,1LDK,170000,10000,170000,170000,40.03
グラン，フォークス神田イーストタワー,東京都千代田区鍛冶町２,9階,1SLDK,170000,10000,170000,170000,40.03
グラン，フォークス神田イーストタワー,東京都千代田区鍛冶町２,7階,1LDK,183000,10000,183000,183000,41.72
レ・ジェイドクロス千代田神保町,東京都千代田区西神田２,4階,1K,136000,0,136000,136000,27.68
レ・ジェイドクロス千代田神保町,東京都千代田区西神田２,4階,1LDK,215000,0,215000,215000,40.36
レ・ジェイドクロス千代田神保町,東京都千代田区西神田２,5階,1LDK,216000,0,216000,216000,40.36
レ・ジェイドクロス千代田神保町,東京都千代田区西神田２,6階,1LDK,217000,0,217000,217000,40.36
レ・ジェイドクロス千代田神保町,東京都千代田区西神田２,4階,1LDK,236000,0,236000,236000,45.04
レ・ジェイドクロス千代田神保町,東京都千代田区西神田２,5階,1LDK,237000,0,237000,237000,45.04
レ・ジェイドクロス千代田神保町,東京都千代田区西神田２,4階,1LDK,237000,0,237000,237000,45.03
レ・ジェイドクロス千代田神保町,東京都千代田区西神田２,6階,1LDK,238000,0,238000,238000,45.04
レ・ジェイドクロス千代田神保町,東京都千代田区西神田２,6階,1K,238000,0,238000,238000,45.04
レ・ジェイドクロス千代田神保町,東京都千代田区西神田２,5階,1LDK,238000,0,238000,238000,45.03
レ・ジェイドクロス千代田神保町,東京都千代田区西神田２,7階,1LDK,239000,0,239000,239000,45.04
レ・ジェイドクロス千代田神保町,東京都千代田区西神田２,6階,1LDK,239000,0,239000,239000,45.03
レ・ジェイドクロス千代田神保町,東京都千代田区西神田２,7階,1LDK,240000,0,240000,240000,45.03
レ・ジェイドクロス千代田神保町,東京都千代田区西神田２,5階,2LDK,318000,0,318000,318000,64.46
S-RESIDENCE神田avance,東京都千代田区岩本町１,10階,1K,109500,14000,109500,109500,26.06
S-RESIDENCE神田avance,東京都千代田区岩本町１,7階,1DK,137000,14000,137000,137000,32.11
パティオ神田,東京都千代田区岩本町２,6階,1K,97000,15000,0,0,25.01
パティオ神田,東京都千代田区岩本町２,8階,1LDK,179000,15000,0,0,45.81
パティオ神田,東京都千代田区岩本町２,8階,1LDK,179000,18000,0,0,45.81
パティオ神田,東京都千代田区岩本町２,8階,1LDK,199000,15000,0,0,45.81
東京メトロ半蔵門線 神保町駅 14階建 新築,東京都千代田区神田神保町２,5階,ワンルーム,130000,10000,0,130000,25.43
東京メトロ半蔵門線 神保町駅 14階建 新築,東京都千代田区神田神保町２,5階,ワンルーム,130000,15000,0,130000,25.43
東京メトロ半蔵門線 神保町駅 14階建 新築,東京都千代田区神田神保町２,7階,ワンルーム,150000,0,150000,150000,25.43
東京メトロ半蔵門線 神保町駅 14階建 新築,東京都千代田区神田神保町２,14階,1LDK,165000,10000,165000,165000,30.19
東京メトロ半蔵門線 神保町駅 14階建 新築,東京都千代田区神田神保町２,5階,1LDK,170000,10000,170000,170000,30.86
東京メトロ半蔵門線 神保町駅 14階建 新築,東京都千代田区神田神保町２,8階,1LDK,188000,10000,188000,188000,34.89
東京メトロ半蔵門線 神保町駅 14階建 新築,東京都千代田区神田神保町２,3階,1LDK,190000,12600,190000,190000,34.89
東京メトロ半蔵門線 神保町駅 14階建 新築,東京都千代田区神田神保町２,8階,1LDK,193000,10000,193000,193000,34.89
東京メトロ半蔵門線 神保町駅 14階建 新築,東京都千代田区神田神保町２,13階,1LDK,240000,0,240000,240000,41.54
Nステージ秋葉原,東京都千代田区神田佐久間町３,8階,1K,99000,20000,99000,0,25.5
Nステージ秋葉原,東京都千代田区神田佐久間町３,10階,1K,120000,20000,120000,0,25.5
アルティオドマーニ【Artio Domani】,東京都千代田区内神田３,9階,1K,150000,12000,0,150000,32.58
アルティオドマーニ【Artio Domani】,東京都千代田区内神田３,9階,1K,151000,12000,0,151000,30.21
東京メトロ半蔵門線 九段下駅 14階建 築12年,東京都千代田区九段北１,5階,1K,109000,12000,109000,109000,26.06
東京メトロ半蔵門線 九段下駅 14階建 築12年,東京都千代田区九段北１,2階,1K,115000,14000,115000,115000,26.24
N35 EAST,東京都千代田区岩本町２,8階,ワンルーム,95000,10000,95000,0,24.49
N35 EAST,東京都千代田区岩本町２,7階,1K,111000,10000,111000,0,29.4
ガリシア九段下ライズ,東京都千代田区九段北１,5階,1K,109000,10000,109000,109000,26.06
ガリシア九段下ライズ,東京都千代田区九段北１,6階,1K,114000,15000,114000,114000,26.24
ＪＲ中央線 四ツ谷駅 14階建 築2年,東京都千代田区麹町２,5階,1LDK,305000,16000,0,305000,65.34
プレミアステージ内神田,東京都千代田区内神田２,3階,ワンルーム,132000,10000,132000,132000,33.08
プレミアステージ内神田,東京都千代田区内神田２,9階,ワンルーム,152000,10000,304000,152000,34.73
ＪＲ中央線 水道橋駅 10階建 築9年,東京都千代田区神田三崎町２,5階,1K,97500,10500,0,97500,25.01
ＪＲ山手線 秋葉原駅 15階建 築17年,東京都千代田区神田須田町２,3階,1K,84000,7000,84000,84000,23.08
エクレール平河町,東京都千代田区平河町１,5階,ワンルーム,100000,0,100000,100000,33.65
エクレール平河町,東京都千代田区平河町１,4階,1LDK,129000,10000,129000,129000,35.23
メインステージ神田須田町,東京都千代田区神田須田町１,5階,1K,108000,20000,0,108000,26.59
メインステージ神田須田町,東京都千代田区神田須田町１,8階,1K,109500,20000,0,109500,25.61
メインステージ神田須田町,東京都千代田区神田須田町１,8階,1LDK,180000,20000,0,180000,40.66
メインステージ神田須田町,東京都千代田区神田須田町１,9階,1LDK,180000,20000,0,180000,40.66
メインステージ神田須田町,東京都千代田区神田須田町１,13階,1LDK,190000,20000,0,190000,40.66
東京メトロ銀座線 神田駅 14階建 築8年,東京都千代田区神田須田町１,12階,1LDK,190000,20000,0,190000,40.66
都営新宿線 岩本町駅 8階建 築21年,東京都千代田区神田東松下町,7階,1K,93000,0,93000,93000,22.66
都営新宿線 岩本町駅 8階建 築21年,東京都千代田区神田東松下町,5階,1K,92000,5000,92000,92000,22.78
都営新宿線 岩本町駅 8階建 築21年,東京都千代田区神田東松下町,7階,1K,93000,5000,93000,93000,22.66
エスコート神田岩本町,東京都千代田区岩本町３,7階,1K,82000,13000,0,82000,22.75
CITY CURRENT大手町　シティカレント大手町,東京都千代田区神田錦町１,8階,ワンルーム,97000,10000,97000,97000,24.25
CITY CURRENT大手町　シティカレント大手町,東京都千代田区神田錦町１,9階,ワンルーム,110000,10000,110000,110000,26.95
マーシュフィールド四番町,東京都千代田区四番町,8階,4LDK,550000,20000,550000,1100000,117.58
コンフォリア秋葉原EAST,東京都千代田区東神田２,5階,ワンルーム,136000,6000,136000,0,30.87
コンフォリア秋葉原EAST,東京都千代田区東神田２,3階,1K,139000,6000,139000,0,30.34
コンフォリア秋葉原EAST,東京都千代田区東神田２,5階,1K,140000,6000,140000,0,30.34
コンフォリア秋葉原EAST,東京都千代田区東神田２,4階,1K,140000,6000,140000,0,30.34
コンフォリア秋葉原EAST,東京都千代田区東神田２,11階,ワンルーム,140000,6000,140000,0,30.34
コンフォリア秋葉原EAST,東京都千代田区東神田２,9階,1K,142000,6000,142000,0,30.34
コンフォリア秋葉原EAST,東京都千代田区東神田２,2階,1DK,147000,8000,147000,0,32.83
コンフォリア秋葉原EAST,東京都千代田区東神田２,5階,1LDK,181000,8000,181000,0,42.17
コンフォリア秋葉原EAST,東京都千代田区東神田２,3階,2LDK,248000,10000,248000,0,53.6
コンフォリア秋葉原EAST,東京都千代田区東神田２,2階,2LDK,255000,10000,255000,0,55.83
インペリアル御茶の水,東京都千代田区神田小川町３,2階,ワンルーム,62000,5000,62000,62000,14.84
インペリアル御茶の水,東京都千代田区神田小川町３,4階,ワンルーム,63000,6000,63000,63000,14.84
インペリアル御茶の水,東京都千代田区神田小川町３,3階,ワンルーム,66000,7000,66000,66000,14.84
インペリアル御茶の水,東京都千代田区神田小川町３,8階,ワンルーム,88000,3000,88000,0,26.78
東海西神田マンション,東京都千代田区西神田２,8階,ワンルーム,80000,0,80000,80000,19.34
東海西神田マンション,東京都千代田区西神田２,7階,ワンルーム,76000,5000,76000,0,15.56
東海西神田マンション,東京都千代田区西神田２,6階,ワンルーム,89000,6000,89000,0,21.68
パークハウス三番町,東京都千代田区三番町,13階,3LDK,630000,20000,630000,630000,116.99
プライムアーバン番町,東京都千代田区九段南２,5階,1K,95000,8000,95000,0,22.71
プライムアーバン番町,東京都千代田区九段南２,6階,1K,98000,8000,98000,0,23.3
プライムアーバン番町,東京都千代田区九段南２,5階,1K,98000,8000,98000,98000,22.98
プライムアーバン番町,東京都千代田区九段南２,6階,1K,100000,8000,100000,100000,23.3
プライムアーバン番町,東京都千代田区九段南２,5階,1K,103000,8000,103000,103000,25.36
プライムアーバン番町,東京都千代田区九段南２,7階,ワンルーム,105000,8000,105000,105000,22.71
グランヴィスタ神田練塀町,東京都千代田区神田練塀町,19階,3LDK,580000,0,1160000,0,88.49
東京メトロ半蔵門線 半蔵門駅 18階建 築5年,東京都千代田区一番町,8階,3LDK,500000,57000,1000000,500000,94.24
東京メトロ半蔵門線 半蔵門駅 18階建 築5年,東京都千代田区一番町,6階,3LDK,520000,57600,1040000,520000,95.23
ＪＲ総武線 市ケ谷駅 9階建 築42年,東京都千代田区九段南３,3階,ワンルーム,78000,5000,78000,78000,21.41
コスモグラシア内神田,東京都千代田区内神田２,6階,1LDK,194000,15000,0,0,35.09
コスモグラシア内神田,東京都千代田区内神田２,6階,1LDK,194000,20000,0,0,35.09
コスモグラシア内神田,東京都千代田区内神田２,7階,2LDK,253000,20000,0,0,47.6
コスモグラシア内神田,東京都千代田区内神田２,7階,2LDK,253000,20000,0,0,47.54
ディームス大手町ノース,東京都千代田区神田多町２,11階,1LDK,197000,12000,197000,197000,37.91
ディームス大手町ノース,東京都千代田区神田多町２,8階,1LDK,224000,15000,224000,0,40.83
ディームス大手町ノース,東京都千代田区神田多町２,11階,2LDK,281000,15000,281000,281000,50.03
ディームス大手町ノース,東京都千代田区神田多町２,3階,2LDK,284000,15000,284000,0,50.0
ディームス大手町ノース,東京都千代田区神田多町２,8階,2LDK,289000,15000,289000,0,50.0
ルフォンプログレ神田プレミア,東京都千代田区神田須田町１,5階,1LDK,180000,15000,180000,0,30.53
ルフォンプログレ神田プレミア,東京都千代田区神田須田町１,6階,1LDK,181000,15000,181000,0,30.53
ルフォンプログレ神田プレミア,東京都千代田区神田須田町１,10階,2LDK,255000,20000,255000,0,41.96
ルフォンプログレ神田プレミア,東京都千代田区神田須田町１,2階,2LDK,275000,20000,275000,0,47.45
ライオンズフォーシア神田須田町,東京都千代田区神田須田町２,2階,1LDK,182000,18000,182000,0,38.99
ライオンズフォーシア神田須田町,東京都千代田区神田須田町２,4階,1LDK,182000,18000,182000,0,38.99
ライオンズフォーシア神田須田町,東京都千代田区神田須田町２,3階,1LDK,185000,18000,185000,0,38.99
ライオンズフォーシア神田須田町,東京都千代田区神田須田町２,7階,1LDK,190000,18000,190000,0,38.99
ライオンズフォーシア神田須田町,東京都千代田区神田須田町２,2階,1LDK,192000,18000,192000,0,38.99
ライオンズフォーシア神田須田町,東京都千代田区神田須田町２,3階,1LDK,194000,18000,194000,0,38.99
ライオンズフォーシア神田須田町,東京都千代田区神田須田町２,7階,1LDK,200000,18000,200000,0,38.99
ライオンズフォーシア神田須田町,東京都千代田区神田須田町２,4階,2LDK,220000,20000,220000,0,45.57
ライオンズフォーシア神田須田町,東京都千代田区神田須田町２,4階,2LDK,221000,20000,221000,0,45.57
ライオンズフォーシア神田須田町,東京都千代田区神田須田町２,7階,2LDK,225000,20000,225000,0,45.57
ライオンズフォーシア神田須田町,東京都千代田区神田須田町２,3階,2LDK,225000,20000,225000,0,45.57
ライオンズフォーシア神田須田町,東京都千代田区神田須田町２,8階,2LDK,230000,20000,230000,0,45.57
パークコート千代田富士見ザ タワー,東京都千代田区富士見２,15階,1LDK,294000,15000,294000,0,42.16
パークコート千代田富士見ザ タワー,東京都千代田区富士見２,11階,2LDK,365000,20000,365000,730000,55.97
パークコート千代田富士見ザ タワー,東京都千代田区富士見２,29階,3LDK,598000,0,1196000,598000,74.77
オープンレジデンシア千代田外神田,東京都千代田区外神田５,6階,2LDK,301000,0,602000,301000,56.03
オープンレジデンシア千代田外神田,東京都千代田区外神田５,2階,2SLDK,400000,0,800000,400000,90.86
東神田サマリヤマンション,東京都千代田区東神田３,2階,ワンルーム,63500,5500,0,0,21.0
東神田サマリヤマンション,東京都千代田区東神田３,5階,ワンルーム,72000,7350,0,0,20.79
東神田サマリヤマンション,東京都千代田区東神田３,6階,1K,72000,10000,72000,72000,21.15
東京メトロ半蔵門線 永田町駅 地下2地上24階建 築15年,東京都千代田区平河町２,14階,2LDK,1200000,30000,1200000,1200000,131.74
エルスタンザ神田須田町,東京都千代田区神田須田町１,4階,1DK,144000,10000,144000,0,29.02
エルスタンザ神田須田町,東京都千代田区神田須田町１,8階,2LDK,277000,13000,277000,0,54.42
エルスタンザ神田須田町,東京都千代田区神田須田町１,11階,2LDK,283000,13000,283000,0,54.42
スペーシア秋葉原,東京都千代田区外神田４,4階,1K,105000,15000,0,0,23.85
スペーシア秋葉原,東京都千代田区外神田４,6階,1K,107000,15000,0,0,23.85
スペーシア秋葉原,東京都千代田区外神田４,7階,1K,108000,15000,0,0,23.85
スペーシア秋葉原,東京都千代田区外神田４,8階,1K,109000,15000,0,0,23.85
スペーシア秋葉原,東京都千代田区外神田４,6階,1K,110000,15000,0,0,23.85
スペーシア秋葉原,東京都千代田区外神田４,9階,1K,110000,15000,0,0,23.85
スペーシア秋葉原,東京都千代田区外神田４,7階,1K,111000,15000,0,0,23.85
スペーシア秋葉原,東京都千代田区外神田４,10階,1K,111000,15000,0,0,23.85
スペーシア秋葉原,東京都千代田区外神田４,8階,1K,112000,15000,0,0,23.85
スペーシア秋葉原,東京都千代田区外神田４,11階,1K,115000,15000,0,0,23.85
スペーシア秋葉原,東京都千代田区外神田４,12階,1K,116000,15000,0,0,23.85
スペーシア秋葉原,東京都千代田区外神田４,8階,ワンルーム,125000,15000,0,0,26.82
スペーシア秋葉原,東京都千代田区外神田４,9階,1K,126000,15000,0,0,26.82
スペーシア秋葉原,東京都千代田区外神田４,10階,1K,127000,15000,0,0,26.82
スペーシア秋葉原,東京都千代田区外神田４,3階,1K,130000,15000,0,0,29.29
スペーシア秋葉原,東京都千代田区外神田４,4階,1K,131000,15000,0,0,29.21
スペーシア秋葉原,東京都千代田区外神田４,6階,1K,133000,15000,0,0,29.29
スペーシア秋葉原,東京都千代田区外神田４,10階,1K,135000,15000,0,0,29.21
スペーシア秋葉原,東京都千代田区外神田４,10階,1K,137000,15000,0,0,29.21
スペーシア秋葉原,東京都千代田区外神田４,13階,2LDK,275000,15000,0,0,51.74
ザ・パークハウス麹町テラス,東京都千代田区麹町３,7階,2LDK,350000,50000,700000,350000,55.68
平河町森タワーレジデンス,東京都千代田区平河町２,14階,1LDK,500000,30000,1000000,0,77.68
平河町森タワーレジデンス,東京都千代田区平河町２,16階,1LDK,580000,0,2320000,0,77.84
平河町森タワーレジデンス,東京都千代田区平河町２,22階,2LDK,1600000,0,3200000,1600000,157.19
プレミエール一番町,東京都千代田区一番町,10階,2LDK,475000,20000,475000,0,81.51
シャーメゾンステージ秋葉原,東京都千代田区神田佐久間河岸,12階,2K,152000,7000,152000,152000,40.42
PARK LUXE神田　【パークリュクス神田】,東京都千代田区神田多町２,6階,1SLDK,185000,15000,185000,185000,35.43
PARK LUXE神田　【パークリュクス神田】,東京都千代田区神田多町２,10階,3SLDK,379000,20000,0,379000,61.89
東京メトロ半蔵門線 半蔵門駅 13階建 築8年,東京都千代田区隼町,2階,1DK,216000,10500,0,216000,33.95
東京メトロ半蔵門線 半蔵門駅 13階建 築8年,東京都千代田区隼町,3階,1DK,220000,10500,0,220000,33.95
東京メトロ半蔵門線 半蔵門駅 13階建 築8年,東京都千代田区隼町,8階,1SLDK,273000,10000,273000,0,54.15
東京メトロ半蔵門線 半蔵門駅 13階建 築8年,東京都千代田区隼町,11階,2LDK,280000,10000,280000,280000,54.15
東京メトロ半蔵門線 半蔵門駅 13階建 築8年,東京都千代田区隼町,2階,1LDK,313000,10500,0,313000,54.15
東京メトロ半蔵門線 半蔵門駅 13階建 築8年,東京都千代田区隼町,5階,1LDK,320000,10500,0,320000,54.15
東京メトロ半蔵門線 半蔵門駅 13階建 築8年,東京都千代田区隼町,6階,1SLDK,321000,10500,0,321000,54.15
レジディア神田岩本町II,東京都千代田区岩本町２,11階,2K,155000,10000,155000,155000,37.26
ＺＯＯＭ秋葉原,東京都千代田区神田佐久間町３,9階,1K,137000,12000,137000,0,31.09
ＺＯＯＭ秋葉原,東京都千代田区神田佐久間町３,8階,1LDK,182000,25000,0,0,41.64
ＺＯＯＭ秋葉原,東京都千代田区神田佐久間町３,12階,1LDK,190000,25000,0,0,41.64
クラッシィハウス神田美土代町,東京都千代田区内神田１,7階,1LDK,240000,15000,240000,240000,48.12
クラッシィハウス神田美土代町,東京都千代田区内神田１,13階,1LDK,240000,20000,240000,240000,48.23
ＪＲ山手線 神田駅 9階建 築7年,東京都千代田区岩本町２,5階,1LDK,156000,10000,156000,156000,42.04
ＪＲ山手線 神田駅 9階建 築7年,東京都千代田区岩本町２,7階,1LDK,164000,10000,164000,164000,47.17
レーヴ半蔵門,東京都千代田区隼町,2階,1DK,216000,11000,0,216000,33.95
レーヴ半蔵門,東京都千代田区隼町,3階,1DK,220000,11000,0,220000,33.95
レーヴ半蔵門,東京都千代田区隼町,11階,1SLDK,280000,10000,280000,280000,54.15
レーヴ半蔵門,東京都千代田区隼町,2階,1SLDK,313000,10500,0,313000,54.15
レーヴ半蔵門,東京都千代田区隼町,2階,1SLDK,313000,11000,0,313000,54.15
レーヴ半蔵門,東京都千代田区隼町,5階,1SLDK,320000,10500,0,320000,54.15
レーヴ半蔵門,東京都千代田区隼町,5階,1SLDK,320000,11000,0,320000,54.15
ＪＲ山手線 神田駅 12階建 新築,東京都千代田区内神田２,2階,ワンルーム,133000,9000,133000,133000,26.86
ＪＲ山手線 神田駅 12階建 新築,東京都千代田区内神田２,2階,ワンルーム,133000,10000,133000,133000,26.09
ＪＲ山手線 神田駅 12階建 新築,東京都千代田区内神田２,3階,ワンルーム,134000,9000,134000,134000,26.86
ＪＲ山手線 神田駅 12階建 新築,東京都千代田区内神田２,3階,ワンルーム,134000,10000,0,134000,26.86
ＪＲ山手線 神田駅 12階建 新築,東京都千代田区内神田２,4階,ワンルーム,135000,9000,135000,135000,26.86
ＪＲ山手線 神田駅 12階建 新築,東京都千代田区内神田２,4階,ワンルーム,135000,10000,0,135000,26.86
ＪＲ山手線 神田駅 12階建 新築,東京都千代田区内神田２,5階,ワンルーム,136000,10000,0,136000,26.86
ＪＲ山手線 神田駅 12階建 新築,東京都千代田区内神田２,6階,ワンルーム,137000,9000,137000,137000,26.86
ＪＲ山手線 神田駅 12階建 新築,東京都千代田区内神田２,7階,ワンルーム,138000,9000,138000,138000,26.86
ＪＲ山手線 神田駅 12階建 新築,東京都千代田区内神田２,6階,ワンルーム,137000,10000,0,137000,26.86
ＪＲ山手線 神田駅 12階建 新築,東京都千代田区内神田２,8階,ワンルーム,139000,9000,139000,139000,26.86
ＪＲ山手線 神田駅 12階建 新築,東京都千代田区内神田２,2階,1K,143000,10000,143000,143000,30.02
ＪＲ山手線 神田駅 12階建 新築,東京都千代田区内神田２,4階,1K,146000,9000,146000,146000,30.23
ＪＲ山手線 神田駅 12階建 新築,東京都千代田区内神田２,6階,1K,148000,9000,148000,148000,30.23
ＪＲ山手線 神田駅 12階建 新築,東京都千代田区内神田２,7階,1K,149000,9000,149000,149000,30.23
ＪＲ山手線 神田駅 12階建 新築,東京都千代田区内神田２,8階,1K,150000,10000,150000,150000,30.2
ＪＲ山手線 神田駅 12階建 新築,東京都千代田区内神田２,4階,1LDK,196000,11000,196000,196000,40.0
ＪＲ山手線 神田駅 12階建 新築,東京都千代田区内神田２,6階,1LDK,198000,11000,198000,198000,40.0
ＪＲ山手線 神田駅 12階建 新築,東京都千代田区内神田２,9階,1LDK,197000,12000,197000,197000,38.63
ＪＲ山手線 神田駅 12階建 新築,東京都千代田区内神田２,10階,1LDK,198000,11000,198000,198000,38.63
ＪＲ山手線 神田駅 12階建 新築,東京都千代田区内神田２,7階,1LDK,199000,11000,199000,199000,40.0
ＪＲ山手線 神田駅 12階建 新築,東京都千代田区内神田２,10階,1LDK,198000,12000,0,198000,38.63
ＪＲ山手線 神田駅 12階建 新築,東京都千代田区内神田２,8階,1LDK,200000,11000,200000,200000,40.0
ＪＲ山手線 神田駅 12階建 新築,東京都千代田区内神田２,8階,2LDK,286000,14000,286000,286000,59.73
ＪＲ山手線 神田駅 12階建 新築,東京都千代田区内神田２,9階,2LDK,297000,15000,297000,297000,59.75
ＪＲ山手線 神田駅 12階建 新築,東京都千代田区内神田２,10階,2LDK,298000,15000,298000,298000,59.73
ＪＲ山手線 神田駅 12階建 新築,東京都千代田区内神田２,12階,2LDK,301000,15000,301000,301000,59.73
GLACIER神保町,東京都千代田区神田神保町１,3階,1K,142000,10000,142000,0,25.1
GLACIER神保町,東京都千代田区神田神保町１,4階,1K,143000,10000,143000,0,25.1
GLACIER神保町,東京都千代田区神田神保町１,4階,1DK,144000,10000,144000,0,25.06
GLACIER神保町,東京都千代田区神田神保町１,5階,1DK,145000,10000,145000,0,25.06
GLACIER神保町,東京都千代田区神田神保町１,6階,1DK,146000,10000,146000,0,25.06
GLACIER神保町,東京都千代田区神田神保町１,9階,1DK,157000,10000,157000,0,25.1
GLACIER神保町,東京都千代田区神田神保町１,11階,1LDK,231000,15000,231000,0,40.18
GLACIER神保町,東京都千代田区神田神保町１,10階,1LDK,233000,15000,233000,0,40.18
GLACIER神保町,東京都千代田区神田神保町１,12階,1LDK,235000,15000,235000,0,40.18
ＪＲ山手線 神田駅 8階建 築20年,東京都千代田区神田須田町１,6階,2K,140000,10000,140000,140000,36.88
ＪＲ山手線 神田駅 8階建 築20年,東京都千代田区神田須田町１,6階,2DK,140000,10000,140000,140000,36.88
ルネ神田和泉町,東京都千代田区神田和泉町,3階,1LDK,168000,12000,336000,168000,44.48
グレイスコート岩本町,東京都千代田区岩本町１,8階,ワンルーム,142000,10000,0,0,30.01
グレイスコート岩本町,東京都千代田区岩本町１,9階,ワンルーム,143000,10000,0,0,30.01
グレイスコート岩本町,東京都千代田区岩本町１,5階,1LDK,181000,15000,0,0,41.16
グレイスコート岩本町,東京都千代田区岩本町１,8階,1LDK,184000,15000,0,0,41.16
東京メトロ東西線 九段下駅 地下2地上32階建 築20年,東京都千代田区西神田３,21階,ワンルーム,350000,0,700000,0,54.2
東京メトロ東西線 九段下駅 地下2地上32階建 築20年,東京都千代田区西神田３,27階,2LDK,620000,0,1240000,0,93.7
東京メトロ東西線 九段下駅 地下2地上32階建 築20年,東京都千代田区西神田３,32階,2LDK,640000,0,1280000,0,89.9
東京メトロ東西線 九段下駅 地下2地上32階建 築20年,東京都千代田区西神田３,25階,3LDK,950000,0,1900000,0,130.5
東京メトロ東西線 九段下駅 地下2地上32階建 築20年,東京都千代田区西神田３,32階,3LDK,1560000,0,3120000,0,199.0
サンウッドフラッツ神田神保町,東京都千代田区神田神保町２,11階,1DK,168000,0,168000,168000,30.19
サンウッドフラッツ神田神保町,東京都千代田区神田神保町２,8階,1LDK,169000,12000,169000,169000,30.86
サンウッドフラッツ神田神保町,東京都千代田区神田神保町２,9階,1LDK,175000,10000,175000,175000,30.86
サンウッドフラッツ神田神保町,東京都千代田区神田神保町２,5階,1LDK,180000,10000,180000,180000,34.89
サンウッドフラッツ神田神保町,東京都千代田区神田神保町２,8階,1LDK,183000,10000,183000,183000,34.89
サンウッドフラッツ神田神保町,東京都千代田区神田神保町２,12階,1DK,185000,10000,185000,185000,30.19
サンウッドフラッツ神田神保町,東京都千代田区神田神保町２,13階,1DK,187000,10000,187000,187000,30.19
サンウッドフラッツ神田神保町,東京都千代田区神田神保町２,12階,1LDK,240000,10000,480000,240000,41.54
パークルール大手町,東京都千代田区神田錦町１,2階,1LDK,178000,20000,0,0,27.21
パークルール大手町,東京都千代田区神田錦町１,2階,1LDK,180000,20000,0,0,27.1
パークルール大手町,東京都千代田区神田錦町１,5階,1LDK,190000,20000,0,0,27.21
パークルール大手町,東京都千代田区神田錦町１,5階,1LDK,192000,20000,0,0,30.01
パークルール大手町,東京都千代田区神田錦町１,5階,1LDK,192000,20000,0,0,27.1
パークルール大手町,東京都千代田区神田錦町１,7階,1LDK,194000,20000,0,0,30.01
東京メトロ半蔵門線 神保町駅 14階建 築5年,東京都千代田区神田神保町１,2階,ワンルーム,143000,10000,143000,143000,25.1
東京メトロ半蔵門線 神保町駅 14階建 築5年,東京都千代田区神田神保町１,12階,1LDK,238000,15000,238000,0,40.18
ザ・パークハビオ飯田橋プレイス,東京都千代田区飯田橋１,9階,1LDK,218000,15000,218000,0,40.49
ザ・パークハビオ飯田橋プレイス,東京都千代田区飯田橋１,11階,1LDK,222000,15000,222000,0,40.49
ＪＲ総武線 浅草橋駅 11階建 築2年,東京都千代田区東神田３,4階,1K,121000,12000,121000,121000,25.57
ＪＲ総武線 浅草橋駅 11階建 築2年,東京都千代田区東神田３,6階,2LDK,244000,18000,244000,244000,51.63
ＪＲ総武線 浅草橋駅 11階建 築2年,東京都千代田区東神田３,6階,2LDK,244000,24000,244000,244000,51.63
エルスタンザ平河町,東京都千代田区平河町１,9階,1LDK,238000,12000,238000,0,45.83
エルスタンザ平河町,東京都千代田区平河町１,10階,1LDK,240000,12000,240000,0,45.83
パークウェル御茶ノ水,東京都千代田区神田須田町１,6階,1K,90000,10000,90000,45000,22.42
パークタワー秋葉原,東京都千代田区神田練塀町,6階,1LDK,175000,13000,350000,175000,41.92
パークタワー秋葉原,東京都千代田区神田練塀町,18階,1LDK,195000,15000,195000,390000,42.4
パークタワー秋葉原,東京都千代田区神田練塀町,5階,1LDK,200000,15000,200000,400000,50.7
パークタワー秋葉原,東京都千代田区神田練塀町,11階,2LDK,268000,20000,402000,268000,63.6
パークタワー秋葉原,東京都千代田区神田練塀町,11階,2LDK,278000,20000,417000,278000,63.6
ＪＲ中央線 市ケ谷駅 地下1地上4階建 築4年,東京都千代田区四番町,1階,2DK,228000,4400,0,228000,67.3
ＪＲ中央線 市ケ谷駅 地下1地上4階建 築4年,東京都千代田区四番町,B1-1階,2DK,228000,4400,0,228000,59.12
パークアクシス飯田橋レジデンス,東京都千代田区富士見１,2階,1LDK,195000,15000,195000,195000,36.62
パークアクシス飯田橋レジデンス,東京都千代田区富士見１,9階,1LDK,205000,15000,205000,205000,36.62
カッシア神田レジデンス,東京都千代田区神田紺屋町,8階,ワンルーム,162000,10000,162000,0,41.13
カッシア神田レジデンス,東京都千代田区神田紺屋町,10階,1LDK,228000,10000,228000,228000,56.48
ＪＲ山手線 神田駅 10階建 築17年,東京都千代田区神田紺屋町,8階,1K,162000,10000,162000,0,41.13
ＪＲ山手線 神田駅 15階建 築8年,東京都千代田区岩本町２,13階,1LDK,169000,16000,169000,338000,32.95
ＪＲ山手線 神田駅 15階建 築8年,東京都千代田区岩本町２,8階,1LDK,180000,10000,180000,360000,42.55
東京メトロ有楽町線 市ケ谷駅 12階建 築6年,東京都千代田区三番町,3階,2LDK,300000,0,300000,300000,57.05
HOPE CITY秋葉原,東京都千代田区岩本町３,13階,1K,128000,7000,128000,0,32.22
HOPE CITY秋葉原,東京都千代田区岩本町３,5階,1LDK,160000,10000,160000,0,41.13
HOPE CITY秋葉原,東京都千代田区岩本町３,8階,1LDK,163000,10000,163000,0,41.13
都営新宿線 岩本町駅 15階建 築17年,東京都千代田区岩本町３,14階,1K,110000,7000,110000,0,31.02
オジオ大手町,東京都千代田区神田錦町１,2階,1LDK,179000,10000,179000,0,40.49
オジオ大手町,東京都千代田区神田錦町１,6階,1LDK,184000,10000,184000,0,40.49
ＪＲ山手線 神田駅 14階建 築5年,東京都千代田区鍛冶町２,12階,1K,125000,8000,125000,125000,26.17
ＪＲ山手線 神田駅 14階建 築5年,東京都千代田区鍛冶町２,9階,1LDK,174000,10000,174000,174000,41.35
都営三田線 神保町駅 12階建 築20年,東京都千代田区神田小川町３,4階,1LDK,190000,10000,0,0,40.36
都営三田線 神保町駅 12階建 築20年,東京都千代田区神田小川町３,7階,1LDK,193000,10000,0,0,40.36
ＪＲ中央線 御茶ノ水駅 10階建 築20年,東京都千代田区神田淡路町２,8階,1LDK,155000,10000,155000,155000,37.66
ＪＲ中央線 御茶ノ水駅 10階建 築20年,東京都千代田区神田淡路町２,8階,1LDK,158000,10000,158000,158000,37.66
レ・ジェイドクロス千代田神保町,東京都千代田区西神田２,7階,1LDK,210000,10000,210000,210000,40.36
レ・ジェイドクロス千代田神保町,東京都千代田区西神田２,8階,1LDK,250000,10000,250000,250000,45.03
レ・ジェイドクロス千代田神保町,東京都千代田区西神田２,3階,1K,1978000,0,1868000,0,261.55
レ・ジェイドクロス千代田神保町,東京都千代田区西神田２,2階,1K,2154500,0,2927000,0,284.9
ＪＲ中央線 御茶ノ水駅 14階建 築6年,東京都千代田区神田駿河台３,13階,1LDK,192000,10000,192000,192000,40.27
桜ヒルズ九段北,東京都千代田区九段北４,7階,1LDK,225000,9000,225000,450000,51.81
ＪＲ山手線 神田駅 14階建 築3年,東京都千代田区岩本町１,10階,1K,109500,10000,109500,109500,26.06
ＪＲ山手線 神田駅 14階建 築3年,東京都千代田区岩本町１,10階,1K,109000,14000,109000,109000,26.06
ＪＲ山手線 神田駅 14階建 築3年,東京都千代田区岩本町１,7階,1DK,137000,13000,137000,137000,32.11
ＩＳＭ御茶ノ水,東京都千代田区外神田２,8階,1LDK,193000,15000,193000,193000,42.47
ＩＳＭ御茶ノ水,東京都千代田区外神田２,9階,1LDK,194000,15000,194000,194000,42.47
ＪＲ山手線 神田駅 13階建 築5年,東京都千代田区内神田１,13階,1DK,170000,10000,170000,170000,31.3
ＪＲ山手線 神田駅 13階建 築5年,東京都千代田区内神田１,5階,1LDK,205000,10000,205000,205000,39.97
ＪＲ山手線 神田駅 13階建 築5年,東京都千代田区内神田１,4階,1LDK,207000,10000,207000,207000,39.97
ＪＲ山手線 神田駅 13階建 築5年,東京都千代田区内神田１,4階,1LDK,214000,10000,214000,214000,39.97
アイルイムーブル御茶ノ水,東京都千代田区神田神保町１,3階,1K,106000,5000,106000,106000,25.16
アイルイムーブル御茶ノ水,東京都千代田区神田神保町１,3階,1K,106000,8000,106000,106000,25.16
アイルイムーブル御茶ノ水,東京都千代田区神田神保町１,2階,1K,120000,10000,0,120000,25.28
ＪＲ中央線 神田駅 地下1地上13階建 築6年,東京都千代田区東神田１,3階,1K,120000,10000,120000,0,27.62
ＪＲ中央線 神田駅 地下1地上13階建 築6年,東京都千代田区東神田１,4階,1K,120000,10000,120000,0,27.62
ＪＲ中央線 神田駅 地下1地上13階建 築6年,東京都千代田区東神田１,6階,1LDK,231000,12000,231000,231000,45.97
ＪＲ中央線 神田駅 地下1地上13階建 築6年,東京都千代田区東神田１,9階,1LDK,235000,12000,235000,235000,45.97
ＪＲ中央線 神田駅 地下1地上13階建 築6年,東京都千代田区東神田１,10階,1LDK,236000,12000,236000,236000,45.97
ＪＲ中央線 神田駅 地下1地上13階建 築6年,東京都千代田区東神田１,9階,1LDK,236000,12000,236000,236000,45.97
ＪＲ中央線 神田駅 地下1地上13階建 築6年,東京都千代田区東神田１,10階,1LDK,238000,12000,238000,238000,51.39
ＪＲ中央線 神田駅 地下1地上13階建 築6年,東京都千代田区東神田１,2階,1LDK,240000,12000,240000,240000,54.71
東神田テラスレジデンス,東京都千代田区東神田１,6階,1LDK,121000,10000,121000,0,27.62
東神田テラスレジデンス,東京都千代田区東神田１,10階,1LDK,125000,10000,125000,0,27.62
ラ・トゥール半蔵門,東京都千代田区麹町１,12階,1SLDK,950000,0,1900000,0,109.9
FREESIA TERRACE,東京都千代田区九段南３,8階,ワンルーム,101000,15000,101000,101000,27.41
FREESIA TERRACE,東京都千代田区九段南３,4階,1LDK,156000,15000,156000,312000,40.38
クオリタス秋葉原,東京都千代田区神田佐久間町４,6階,1K,124500,15000,0,0,25.3
クオリタス秋葉原,東京都千代田区神田佐久間町４,9階,1K,144000,15000,0,0,30.25
クオリタス秋葉原,東京都千代田区神田佐久間町４,15階,1K,145000,15000,0,0,30.25
クオリタス秋葉原,東京都千代田区神田佐久間町４,7階,1K,180000,15000,0,0,30.25
クオリタス秋葉原,東京都千代田区神田佐久間町４,15階,1LDK,219000,20000,0,0,42.56
メインステージ千代田岩本町コモデ,東京都千代田区岩本町２,10階,1K,100500,20000,0,0,27.99
メインステージ千代田岩本町コモデ,東京都千代田区岩本町２,10階,1K,105000,20000,0,0,27.99
メインステージ千代田岩本町コモデ,東京都千代田区岩本町２,3階,1K,110000,20000,0,110000,34.41
ＣＥＬＥＳＴＩＡ,東京都千代田区神田多町２,8階,1LDK,630000,20000,630000,630000,67.37
グランド・ガーラ神田,東京都千代田区神田多町２,4階,1K,90000,10000,90000,180000,22.47
グランド・ガーラ神田,東京都千代田区神田多町２,7階,1K,99000,7000,99000,99000,22.68
グランド・ガーラ神田,東京都千代田区神田多町２,6階,1K,99000,7000,99000,148500,22.47
グランド・ガーラ神田,東京都千代田区神田多町２,7階,1K,99000,9000,99000,99000,22.68
グランド・ガーラ神田,東京都千代田区神田多町２,7階,1K,120000,12000,120000,240000,30.45
グランド・ガーラ神田,東京都千代田区神田多町２,4階,1K,120000,15000,120000,120000,30.68
ブリックコート神田錦町,東京都千代田区神田錦町３,12階,1LDK,208000,12000,208000,416000,41.79
グランクオール秋葉原,東京都千代田区神田佐久間町３,3階,1K,90000,5000,0,90000,17.52
KDX岩本町レジデンス,東京都千代田区岩本町２,5階,1K,100000,7000,100000,100000,22.56
KDX岩本町レジデンス,東京都千代田区岩本町２,3階,1K,117000,10000,117000,117000,31.28
ＪＲ山手線 神田駅 15階建 築17年,東京都千代田区岩本町２,5階,1K,88000,6000,88000,0,23.2
パークアクシス秋葉原,東京都千代田区神田佐久間町３,3階,1K,103000,8000,103000,0,24.29
パークアクシス秋葉原,東京都千代田区神田佐久間町３,3階,1K,107000,8000,107000,0,24.29
パークアクシス秋葉原,東京都千代田区神田佐久間町３,5階,1K,107000,8000,107000,0,24.12
パークアクシス秋葉原,東京都千代田区神田佐久間町３,5階,1K,111000,8000,111000,0,24.12
パークアクシス秋葉原,東京都千代田区神田佐久間町３,3階,1DK,142000,8000,142000,142000,30.24
ガーラ神田岩本町,東京都千代田区岩本町２,5階,1K,98000,9000,98000,196000,26.47
ガーラ神田岩本町,東京都千代田区岩本町２,2階,1K,115000,8000,115000,172500,31.77
ガラ・ステージ神田小川町,東京都千代田区神田司町２,9階,1K,120000,10000,120000,240000,31.84
ガラ・ステーション岩本町North,東京都千代田区岩本町３,6階,1K,85000,10000,85000,170000,22.8
ガラ・ステーション岩本町North,東京都千代田区岩本町３,2階,1K,88000,9000,88000,176000,22.78
ガラ・ステーション岩本町North,東京都千代田区岩本町３,8階,1K,89000,9000,89000,178000,22.72
ガラ・ステーション岩本町North,東京都千代田区岩本町３,3階,1K,91000,9000,91000,136500,23.0
神田ＲＥＥＰＬＥＸＲ’Ｓ(カンダリープレックスリズ),東京都千代田区神田多町２,8階,1K,88000,20000,0,88000,22.5
神田ＲＥＥＰＬＥＸＲ’Ｓ(カンダリープレックスリズ),東京都千代田区神田多町２,8階,1K,90000,20000,0,90000,23.51
神田ＲＥＥＰＬＥＸＲ’Ｓ(カンダリープレックスリズ),東京都千代田区神田多町２,10階,1SLDK,205000,0,205000,0,45.82
KDXレジデンス神田,東京都千代田区内神田２,3階,1K,130000,10000,130000,130000,26.32
KDXレジデンス神田,東京都千代田区内神田２,7階,2LDK,265000,15000,265000,265000,52.18
クローバースティ秋葉原,東京都千代田区東神田２,9階,1K,113000,5000,0,113000,29.22
クローバースティ秋葉原,東京都千代田区東神田２,9階,1K,114000,5000,0,114000,29.22
クローバースティ秋葉原,東京都千代田区東神田２,7階,1K,111000,8000,0,111000,29.0
クローバースティ秋葉原,東京都千代田区東神田２,9階,1K,114000,8000,0,114000,29.22
クローバースティ秋葉原,東京都千代田区東神田２,8階,1LDK,153000,8000,0,153000,39.87
アムス大手町,東京都千代田区内神田２,2階,1K,115000,7000,115000,115000,27.73
アムス大手町,東京都千代田区内神田２,10階,1K,120000,7000,120000,120000,27.73
アムス大手町,東京都千代田区内神田２,11-12階,1LDK,190000,7000,190000,190000,44.17
グランツルクサス神田,東京都千代田区神田須田町１,4階,1DK,114000,15000,0,0,25.11
グランツルクサス神田,東京都千代田区神田須田町１,4階,1DK,124000,15000,0,0,25.11
グランツルクサス神田,東京都千代田区神田須田町１,7階,1LDK,177000,15000,0,0,41.39
グランツルクサス神田,東京都千代田区神田須田町１,7階,1LDK,187000,15000,0,0,41.39
セレニティー神田,東京都千代田区鍛冶町２,2階,1DK,140000,10000,140000,140000,30.1
セレニティー神田,東京都千代田区鍛冶町２,6階,1DK,153000,10000,153000,153000,30.1
セレニティー神田,東京都千代田区鍛冶町２,10階,1DK,158000,10000,158000,0,30.1
東京メトロ東西線 九段下駅 地下1地上13階建 築9年,東京都千代田区飯田橋２,3階,ワンルーム,130000,12000,130000,130000,25.02
東京メトロ東西線 九段下駅 地下1地上13階建 築9年,東京都千代田区飯田橋２,5階,ワンルーム,130000,12000,130000,130000,25.02
東京メトロ東西線 九段下駅 地下1地上13階建 築9年,東京都千代田区飯田橋２,6階,ワンルーム,131000,12000,131000,131000,25.02
東京メトロ東西線 九段下駅 地下1地上13階建 築9年,東京都千代田区飯田橋２,9階,ワンルーム,133000,12000,133000,133000,25.02
東京メトロ東西線 九段下駅 地下1地上13階建 築9年,東京都千代田区飯田橋２,10階,ワンルーム,137000,12000,137000,137000,25.04
東京メトロ東西線 九段下駅 地下1地上13階建 築9年,東京都千代田区飯田橋２,4階,1DK,159000,12000,159000,159000,30.99
東京メトロ東西線 九段下駅 地下1地上13階建 築9年,東京都千代田区飯田橋２,7階,1DK,164000,12000,164000,164000,30.6
東京メトロ東西線 九段下駅 地下1地上13階建 築9年,東京都千代田区飯田橋２,7階,1DK,167000,12000,167000,167000,30.99
ＪＲ山手線 神田駅 11階建 築19年,東京都千代田区内神田３,7階,1K,90000,10000,90000,90000,23.64
都営新宿線 神保町駅 5階建 築6年,東京都千代田区神田神保町１,3階,1K,106000,9000,106000,106000,22.18
ＧＲＡＮ　ＰＡＳＥＯ神田駅前,東京都千代田区神田須田町２,7階,1K,107000,15000,0,0,21.3
ＧＲＡＮ　ＰＡＳＥＯ神田駅前,東京都千代田区神田須田町２,12階,1K,110000,15000,0,0,20.94
デュオ・スカーラ御茶ノ水II,東京都千代田区神田淡路町１,3階,1K,90000,10000,0,90000,25.78
デュオ・スカーラ御茶ノ水II,東京都千代田区神田淡路町１,2階,ワンルーム,123000,10500,0,123000,26.66
デュオ・スカーラ御茶ノ水II,東京都千代田区神田淡路町１,3階,1LDK,155000,10000,155000,155000,35.36
グローリオシェルト飯田橋,東京都千代田区飯田橋２,8階,ワンルーム,120000,15000,120000,120000,25.44
クレイシア秋葉原ラグゼスウィート,東京都千代田区東神田２,5階,1K,118000,10500,0,118000,25.07
クレイシア秋葉原ラグゼスウィート,東京都千代田区東神田２,2階,1DK,122500,10000,0,122500,30.48
クレイシア秋葉原ラグゼスウィート,東京都千代田区東神田２,6階,1LDK,170000,5000,170000,170000,40.62
クレイシア秋葉原ラグゼスウィート,東京都千代田区東神田２,6階,1LDK,170000,10000,170000,170000,40.62
クレイシア秋葉原ラグゼスウィート,東京都千代田区東神田２,7階,1LDK,176000,10500,0,176000,42.36
クレイシア秋葉原ラグゼスウィート,東京都千代田区東神田２,7階,1LDK,176000,11000,0,176000,42.36
都営新宿線 馬喰横山駅 13階建 築21年,東京都千代田区東神田１,2階,ワンルーム,92000,9000,0,0,33.68
都営新宿線 馬喰横山駅 13階建 築21年,東京都千代田区東神田１,3階,1K,94000,10000,0,0,26.73
都営新宿線 馬喰横山駅 13階建 築21年,東京都千代田区東神田１,3階,1K,95000,10000,0,0,26.73
都営新宿線 馬喰横山駅 13階建 築21年,東京都千代田区東神田１,6階,ワンルーム,98000,9000,0,0,33.68
ブライズ神田岩本町,東京都千代田区岩本町２,15階,2LDK,224000,16000,224000,224000,66.0
ＪＲ山手線 秋葉原駅 13階建 築20年,東京都千代田区岩本町３,3階,ワンルーム,95000,12000,95000,95000,26.83
ＪＲ山手線 秋葉原駅 13階建 築20年,東京都千代田区岩本町３,6階,ワンルーム,97000,12000,0,0,26.97
ＪＲ山手線 秋葉原駅 13階建 築20年,東京都千代田区岩本町３,6階,ワンルーム,97000,14000,0,0,26.97
ＪＲ山手線 秋葉原駅 13階建 築20年,東京都千代田区岩本町３,11階,ワンルーム,99000,14000,99000,99000,27.44
ＪＲ山手線 秋葉原駅 13階建 築20年,東京都千代田区岩本町３,12階,1LDK,168000,14000,168000,168000,45.3
ＪＲ山手線 神田駅 地下1地上13階建 築17年,東京都千代田区神田多町２,4階,1K,96000,9000,96000,192000,22.47
ＪＲ山手線 神田駅 12階建 築20年,東京都千代田区内神田２,11階,1LDK,190000,7000,190000,190000,44.17
ロアール御茶ノ水妻恋坂,東京都千代田区外神田６,11階,1K,80000,10000,0,80000,23.29
ＪＲ山手線 神田駅 13階建 築20年,東京都千代田区神田多町２,2階,1K,88000,6000,88000,88000,24.46
ＪＲ山手線 神田駅 13階建 築20年,東京都千代田区神田多町２,10階,1K,88000,8000,88000,88000,22.64
ＪＲ山手線 神田駅 13階建 築20年,東京都千代田区神田多町２,13階,1DK,140000,20000,140000,140000,35.76
GENOVIA 東神田 green veil,東京都千代田区東神田２,3階,1K,107500,10000,0,0,25.83
GENOVIA 東神田 green veil,東京都千代田区東神田２,2階,1DK,159000,15000,0,0,31.31
GENOVIA 東神田 green veil,東京都千代田区東神田２,6階,1DK,161000,15000,0,0,35.28
GENOVIA 東神田 green veil,東京都千代田区東神田２,5階,1DK,161000,15000,0,0,35.28
GENOVIA 東神田 green veil,東京都千代田区東神田２,8階,1DK,162500,15000,0,0,31.31
GENOVIA 東神田 green veil,東京都千代田区東神田２,6階,1DK,167000,15000,0,0,31.31
GENOVIA 東神田 green veil,東京都千代田区東神田２,12階,1DK,167500,15000,0,0,31.31
ＪＲ山手線 秋葉原駅 地下1地上40階建 築20年,東京都千代田区外神田４,12階,1LDK,270000,0,540000,270000,50.68
パークキューブ神田,東京都千代田区神田須田町２,5階,1LDK,140000,10000,140000,140000,32.07
パークキューブ神田,東京都千代田区神田須田町２,10階,1DK,145000,10000,145000,145000,32.07
アーデン神保町,東京都千代田区神田小川町３,4階,1DK,190000,10000,0,0,40.36
アーデン神保町,東京都千代田区神田小川町３,7階,1DK,193000,10000,0,0,40.36
菱和パレス秋葉原駅前,東京都千代田区神田和泉町,3階,1K,89000,8000,89000,89000,22.03
ウェスタ紀尾井町,東京都千代田区紀尾井町,3階,ワンルーム,166000,0,332000,166000,30.54
都営三田線 神保町駅 12階建 築20年,東京都千代田区神田小川町３,9階,ワンルーム,138000,0,138000,138000,31.34
パークアクシス小伝馬町,東京都千代田区岩本町１,11階,ワンルーム,150000,11000,150000,0,31.28
パークアクシス小伝馬町,東京都千代田区岩本町１,8階,1LDK,180000,13000,180000,0,40.01
パークアクシス小伝馬町,東京都千代田区岩本町１,14階,1LDK,218000,13000,218000,0,45.16
サンパークマンション千代田,東京都千代田区飯田橋２,10階,2DK,160000,8000,160000,0,39.75
ＪＲ総武線快速 馬喰町駅 12階建 築5年,東京都千代田区東神田２,5階,1K,118000,11000,0,118000,25.07
ＪＲ山手線 秋葉原駅 11階建 築8年,東京都千代田区外神田２,5階,1K,140000,8000,140000,140000,25.68
ＪＲ山手線 秋葉原駅 11階建 築8年,東京都千代田区外神田２,7階,1K,146000,8000,146000,146000,30.14
ピアース千代田淡路町,東京都千代田区神田美土代町,5階,1K,130000,10000,130000,130000,25.03
スカイコートヌーベル神田,東京都千代田区岩本町１,4階,1K,80000,10000,80000,80000,22.41
ＪＲ総武線快速 新日本橋駅 8階建 築21年,東京都千代田区岩本町１,8階,1K,84700,15000,0,0,22.41
都営新宿線 岩本町駅 12階建 築5年,東京都千代田区東神田２,3階,1K,121000,9000,121000,0,25.66
都営新宿線 岩本町駅 12階建 築5年,東京都千代田区東神田２,8階,1K,122000,9000,0,0,25.8
都営新宿線 岩本町駅 12階建 築5年,東京都千代田区東神田２,10階,1LDK,187000,15000,187000,187000,40.52
ZOOM日本橋馬喰町,東京都千代田区東神田１,12階,1K,114000,15000,114000,114000,26.09
ZOOM日本橋馬喰町,東京都千代田区東神田１,7階,1LDK,168000,20000,0,0,41.04
チェスターコート御茶ノ水,東京都千代田区神田小川町３,6階,1K,126000,10000,126000,126000,27.14
チェスターコート御茶ノ水,東京都千代田区神田小川町３,6階,1K,126000,10000,126000,126000,27.09
チェスターコート御茶ノ水,東京都千代田区神田小川町３,11階,1K,127000,10000,127000,127000,27.26
チェスターコート御茶ノ水,東京都千代田区神田小川町３,9階,1K,127000,10000,127000,127000,27.14
チェスターコート御茶ノ水,東京都千代田区神田小川町３,10階,1K,127000,10000,127000,127000,26.7
チェスターコート御茶ノ水,東京都千代田区神田小川町３,10階,1K,130000,10000,130000,130000,27.09
チェスターコート御茶ノ水,東京都千代田区神田小川町３,10階,1K,130000,10000,130000,130000,26.7
チェスターコート御茶ノ水,東京都千代田区神田小川町３,10階,1K,133000,10000,133000,133000,27.09
チェスターコート御茶ノ水,東京都千代田区神田小川町３,13階,1LDK,207000,15000,207000,207000,44.86
KDXレジデンス秋葉原II,東京都千代田区神田須田町１,2階,1K,94000,8000,0,0,23.9
KDXレジデンス秋葉原II,東京都千代田区神田須田町１,11階,1K,94000,8000,0,0,23.6
KDXレジデンス秋葉原II,東京都千代田区神田須田町１,3階,1K,98000,8000,0,0,24.68
東京メトロ半蔵門線 神保町駅 13階建 築20年,東京都千代田区神田神保町２,5階,1K,115000,10000,115000,115000,29.93
東京メトロ半蔵門線 神保町駅 13階建 築20年,東京都千代田区神田神保町２,8階,1K,118000,10000,118000,118000,29.93
東京メトロ半蔵門線 神保町駅 13階建 築20年,東京都千代田区神田神保町２,5階,1K,121000,10000,0,0,29.93
東京メトロ半蔵門線 神保町駅 13階建 築20年,東京都千代田区神田神保町２,3階,1K,137000,10000,137000,137000,34.87
ブライズ神田,東京都千代田区神田多町２,10階,1K,88000,7000,88000,88000,22.34
ブライズ神田,東京都千代田区神田多町２,10階,1K,88000,8000,88000,88000,22.34
ステューディオ神保町2,東京都千代田区神田神保町１,8階,1K,115000,10000,115000,115000,26.17
ステューディオ神保町2,東京都千代田区神田神保町１,6階,1K,118000,10000,118000,59000,26.17
アスプライム千代田富士見,東京都千代田区富士見２,1階,1LDK,190000,8000,190000,190000,40.23
アスプライム千代田富士見,東京都千代田区富士見２,1階,1LDK,205000,8000,205000,205000,40.23
アスプライム千代田富士見,東京都千代田区富士見２,1階,1LDK,210000,8000,210000,210000,40.23
アスプライム千代田富士見,東京都千代田区富士見２,1階,1LDK,220000,8000,220000,220000,40.23
アスプライム千代田富士見,東京都千代田区富士見２,2階,1LDK,225000,8000,225000,225000,46.78
東京メトロ有楽町線 麹町駅 15階建 築10年,東京都千代田区平河町１,2階,ワンルーム,133000,10000,133000,133000,25.44
東京メトロ有楽町線 麹町駅 15階建 築10年,東京都千代田区平河町１,9階,1K,142000,10000,142000,142000,25.44
東京メトロ有楽町線 麹町駅 15階建 築10年,東京都千代田区平河町１,13階,1K,145000,10000,145000,145000,25.87
ステージファースト神田II,東京都千代田区神田東松下町,6階,1K,89000,3000,89000,89000,23.94
アリビオ九段,東京都千代田区九段北１,7階,ワンルーム,128000,10000,128000,128000,29.67
カーサスプレンディッド一番町,東京都千代田区一番町,9階,ワンルーム,145000,10000,145000,145000,27.82
XEBEC大手町,東京都千代田区神田錦町１,2階,1K,119000,10000,0,119000,25.58
XEBEC大手町,東京都千代田区神田錦町１,2階,ワンルーム,119000,20000,0,119000,25.58
XEBEC大手町,東京都千代田区神田錦町１,8階,1LDK,200000,8000,200000,200000,41.1
レ　クロシェット,東京都千代田区飯田橋２,2階,1K,124000,7700,0,124000,23.53
レ　クロシェット,東京都千代田区飯田橋２,3階,1K,125000,7700,0,125000,23.53
レ　クロシェット,東京都千代田区飯田橋２,2階,1K,125000,7700,0,125000,22.95
レ　クロシェット,東京都千代田区飯田橋２,4階,1K,126000,7700,0,126000,23.53
レ　クロシェット,東京都千代田区飯田橋２,4階,1K,127000,7700,0,127000,22.95
レ　クロシェット,東京都千代田区飯田橋２,9階,1LDK,216000,8800,0,216000,48.04
レ　クロシェット,東京都千代田区飯田橋２,5階,1LDK,221000,7700,0,221000,49.81
レ　クロシェット,東京都千代田区飯田橋２,5階,1LDK,221000,8800,0,221000,49.81
レ　クロシェット,東京都千代田区飯田橋２,6階,1LDK,222000,8800,0,222000,49.81
レ　クロシェット,東京都千代田区飯田橋２,7階,1LDK,223000,8800,0,223000,49.81
小田急駿河台マンション,東京都千代田区神田猿楽町１,1階,2DK,181500,16500,495000,0,49.8
ＪＲ山手線 秋葉原駅 12階建 築20年,東京都千代田区外神田５,3階,1K,91000,10000,0,0,22.04
ＪＲ山手線 秋葉原駅 12階建 築20年,東京都千代田区外神田５,10階,1K,105000,10500,0,105000,22.04
ＪＲ山手線 秋葉原駅 12階建 築20年,東京都千代田区外神田５,10階,1K,105000,11000,0,105000,22.04
コンフォリア九段,東京都千代田区九段南２,13階,1LDK,227000,10000,227000,227000,45.16
ＪＲ山手線 神田駅 13階建 築20年,東京都千代田区神田多町２,13階,1LDK,140000,20000,140000,140000,35.76
東京メトロ銀座線 神田駅 9階建 築5年,東京都千代田区神田須田町１,7階,1LDK,173000,15000,0,0,41.39
ザ・パークハビオSOHO大手町,東京都千代田区内神田１,3階,ワンルーム,137000,20000,137000,0,25.25
ザ・パークハビオSOHO大手町,東京都千代田区内神田１,4階,ワンルーム,143000,20000,143000,0,25.31
ザ・パークハビオSOHO大手町,東京都千代田区内神田１,9階,ワンルーム,149000,20000,149000,0,25.25
ザ・パークハビオSOHO大手町,東京都千代田区内神田１,7階,ワンルーム,191000,20000,191000,0,34.79
ザ・パークハビオSOHO大手町,東京都千代田区内神田１,12階,ワンルーム,191000,20000,191000,0,34.79
ザ・パークハビオSOHO大手町,東京都千代田区内神田１,9階,1LDK,317000,30000,317000,317000,50.63
アーバンプレミア秋葉原,東京都千代田区外神田６,5階,1K,138000,10000,138000,0,27.34
アーバンプレミア秋葉原,東京都千代田区外神田６,11階,1K,143000,10000,143000,0,30.43
コンフォリア二番町,東京都千代田区二番町,6階,ワンルーム,164000,10000,164000,0,36.54
コンフォリア二番町,東京都千代田区二番町,7階,ワンルーム,164000,10000,164000,0,36.54
コンフォリア二番町,東京都千代田区二番町,7階,ワンルーム,166000,10000,166000,0,36.54
コンフォリア二番町,東京都千代田区二番町,11階,ワンルーム,167000,10000,167000,0,36.54
コンフォリア二番町,東京都千代田区二番町,7階,ワンルーム,169000,10000,169000,0,36.54
コンフォリア二番町,東京都千代田区二番町,6階,ワンルーム,169000,10000,169000,0,36.54
コンフォリア二番町,東京都千代田区二番町,11階,ワンルーム,172000,10000,172000,0,36.54
コンフォリア二番町,東京都千代田区二番町,5階,1LDK,206000,10000,206000,0,42.9
ガラ・グランディ大手町,東京都千代田区神田錦町１,9階,1K,93000,6000,0,93000,23.79
ガラ・グランディ大手町,東京都千代田区神田錦町１,4階,1K,99000,7000,99000,198000,23.24
ガラ・グランディ大手町,東京都千代田区神田錦町１,8階,1K,99000,7000,99000,198000,23.24
ガラ・グランディ大手町,東京都千代田区神田錦町１,8階,1K,99000,9000,99000,198000,23.24
東京パークタワー,東京都千代田区神田神保町１,18階,1LDK,330000,0,660000,330000,65.92
ＪＲ総武線 浅草橋駅 9階建 築27年,東京都千代田区東神田３,5階,1DK,99000,6000,99000,99000,29.33
パレステュディオ神田神保町,東京都千代田区神田神保町２,8階,1K,89000,8500,0,178000,22.87
パレステュディオ神田神保町,東京都千代田区神田神保町２,10階,1K,100000,12000,0,100000,22.77
パレステュディオ神田神保町,東京都千代田区神田神保町２,5階,1K,105000,10000,0,105000,22.77
パレステュディオ神田神保町,東京都千代田区神田神保町２,5階,1K,99000,18000,0,99000,23.01
パレステュディオ神田神保町,東京都千代田区神田神保町２,2階,1K,117000,10500,0,117000,22.77
パレステュディオ神田神保町,東京都千代田区神田神保町２,2階,1K,117000,11000,0,117000,22.77
パレステュディオ神田神保町,東京都千代田区神田神保町２,4階,1K,118000,10500,0,118000,22.77
パレステュディオ神田神保町,東京都千代田区神田神保町２,6階,1K,119000,10500,0,119000,23.01
パレステュディオ神田神保町,東京都千代田区神田神保町２,6階,1K,119000,11000,0,119000,23.01
パトリア九段下,東京都千代田区九段北１,5階,1K,105000,10000,105000,0,25.02
パトリア九段下,東京都千代田区九段北１,7階,1K,107000,10000,107000,0,23.97
パトリア九段下,東京都千代田区九段北１,13階,1K,114000,10000,114000,0,25.02
ガラ・ステージ神田神保町,東京都千代田区西神田２,6階,1K,94000,9000,94000,188000,22.72
東京メトロ銀座線 神田駅 13階建 築2年,東京都千代田区神田小川町１,8階,1DK,149000,15000,149000,0,25.52
東京メトロ銀座線 神田駅 13階建 築2年,東京都千代田区神田小川町１,5階,1DK,150000,15000,150000,0,25.52
東京メトロ銀座線 神田駅 13階建 築2年,東京都千代田区神田小川町１,9階,1DK,150000,15000,150000,0,25.52
東京メトロ銀座線 神田駅 13階建 築2年,東京都千代田区神田小川町１,8階,1LDK,186000,15000,186000,0,31.96
東京メトロ銀座線 神田駅 13階建 築2年,東京都千代田区神田小川町１,3階,1LDK,195000,15000,195000,0,33.16
Creare麹町,東京都千代田区麹町２,8階,ワンルーム,172000,10000,172000,172000,42.82
Creare麹町,東京都千代田区麹町２,3階,ワンルーム,174000,10000,174000,174000,45.77
Creare麹町,東京都千代田区麹町２,3階,ワンルーム,174000,15000,174000,174000,45.77
Creare麹町,東京都千代田区麹町２,6階,ワンルーム,185000,15000,185000,185000,46.89
アーバンクリスタル九段下,東京都千代田区神田神保町３,10階,ワンルーム,134000,10000,134000,134000,35.69
アーバンクリスタル九段下,東京都千代田区神田神保町３,4階,ワンルーム,143000,10500,0,143000,35.69
アーバンクリスタル九段下,東京都千代田区神田神保町３,4階,ワンルーム,143000,11000,0,143000,35.69
レジディア神田岩本町,東京都千代田区岩本町２,2階,ワンルーム,80000,10000,80000,80000,22.71
レジディア神田岩本町,東京都千代田区岩本町２,4階,ワンルーム,82000,10000,82000,82000,22.71
レジディア神田岩本町,東京都千代田区岩本町２,4階,ワンルーム,90000,10000,90000,90000,22.71
レジディア神田岩本町,東京都千代田区岩本町２,12階,2LDK,250000,15000,250000,250000,55.08
SKビル,東京都千代田区神田神保町１,4階,1LDK,180000,10000,180000,180000,59.5
ガラ・ステーション岩本町south,東京都千代田区岩本町３,5階,1K,89000,9000,89000,178000,22.68
ガラ・ステーション岩本町south,東京都千代田区岩本町３,10階,1K,90000,10000,0,90000,22.68
エミネンス平河町,東京都千代田区平河町２,5階,1K,176000,12000,176000,176000,45.85
プラウドフラット外神田,東京都千代田区外神田２,10階,1K,135000,8000,135000,0,25.12
東京メトロ有楽町線 麹町駅 15階建 築18年,東京都千代田区二番町,6階,1LDK,208000,10000,208000,0,42.9
アルス市ヶ谷,東京都千代田区九段南４,6階,ワンルーム,80000,5000,80000,80000,24.2
サンハイツ九段,東京都千代田区飯田橋１,9階,ワンルーム,95000,5000,190000,0,29.88
グランフォース九段,東京都千代田区九段南２,4階,ワンルーム,90000,8000,90000,90000,23.38
グランフォース九段,東京都千代田区九段南２,2階,1K,90000,8000,90000,90000,22.58
ＪＲ総武線 御茶ノ水駅 12階建 築44年,東京都千代田区神田小川町３,2階,1K,62000,5000,62000,62000,14.84
ＪＲ総武線 御茶ノ水駅 12階建 築44年,東京都千代田区神田小川町３,4階,1K,63000,6000,63000,63000,14.84
隼町戸建,東京都千代田区隼町,B1-2階,5LDK,1050000,50000,2100000,1050000,192.26
隼町戸建,東京都千代田区隼町,B1-2階,5SLDK,1200000,0,2400000,1200000,192.94
都営新宿線 市ケ谷駅 10階建 築21年,東京都千代田区九段南２,5階,1K,99000,8000,99000,0,22.71
メゾン・ド・ヴィレ東神田,東京都千代田区東神田１,3階,ワンルーム,94000,10000,0,0,26.73
メゾン・ド・ヴィレ東神田,東京都千代田区東神田１,5階,1K,109000,12000,109000,0,37.12
メゾン・ド・ヴィレ東神田,東京都千代田区東神田１,5階,1K,114000,10000,114000,57000,37.12
リバーレ九段南,東京都千代田区九段南３,4階,1DK,122000,5000,122000,0,29.05
リバーレ九段南,東京都千代田区九段南３,3階,1LDK,148000,5000,148000,148000,35.01
九段アビタシオン,東京都千代田区神田神保町３,3階,ワンルーム,77000,5000,0,0,15.03
九段アビタシオン,東京都千代田区神田神保町３,6階,ワンルーム,89000,6000,89000,89000,21.71
レジディア神田東,東京都千代田区岩本町１,3階,ワンルーム,127000,10000,127000,127000,30.13
東京メトロ丸ノ内線 大手町駅 16階建 築2年,東京都千代田区内神田１,6階,1K,145000,10000,145000,145000,28.44
東京メトロ丸ノ内線 大手町駅 16階建 築2年,東京都千代田区内神田１,6階,1K,160000,10000,160000,160000,28.44
東京メトロ丸ノ内線 大手町駅 16階建 築2年,東京都千代田区内神田１,3階,2LDK,450000,27000,450000,450000,56.7
東京メトロ丸ノ内線 大手町駅 16階建 築2年,東京都千代田区内神田１,16階,3LDK,690000,0,690000,690000,71.78
東京メトロ丸ノ内線 大手町駅 16階建 築2年,東京都千代田区内神田１,16階,3LDK,690000,32040,690000,690000,71.78
KOUSOU秋葉原,東京都千代田区外神田３,4階,ワンルーム,115000,10000,115000,0,21.04
KOUSOU秋葉原,東京都千代田区外神田３,1階,ワンルーム,115000,10000,115000,0,20.78
KOUSOU秋葉原,東京都千代田区外神田３,1階,ワンルーム,115000,10000,115000,0,18.55
KOUSOU秋葉原,東京都千代田区外神田３,2階,ワンルーム,116000,10000,116000,0,21.04
KOUSOU秋葉原,東京都千代田区外神田３,2階,ワンルーム,116000,10000,116000,0,20.78
KOUSOU秋葉原,東京都千代田区外神田３,3階,ワンルーム,116000,10000,116000,0,21.04
KOUSOU秋葉原,東京都千代田区外神田３,5階,ワンルーム,120000,10000,120000,0,20.33
KOUSOU秋葉原,東京都千代田区外神田３,4階,2DK,185000,10000,185000,0,40.37
KOUSOU秋葉原,東京都千代田区外神田３,B1階,ワンルーム,113000,10000,113000,0,18.55
ライオンズマンション九段第2,東京都千代田区九段南３,2階,ワンルーム,65000,0,65000,65000,17.37
ライオンズマンション九段第2,東京都千代田区九段南３,5階,ワンルーム,65000,5000,65000,0,17.56
ライオンズマンション九段第2,東京都千代田区九段南３,2階,1K,68000,4800,68000,68000,18.43
ライオンズマンション九段第2,東京都千代田区九段南３,3階,ワンルーム,72000,6000,0,0,17.56
ライオンズマンション九段第2,東京都千代田区九段南３,3階,ワンルーム,70000,9000,0,0,17.37
ライオンズマンション九段第2,東京都千代田区九段南３,6階,ワンルーム,86000,10000,0,0,24.55
東京メトロ有楽町線 市ケ谷駅 12階建 築21年,東京都千代田区九段南２,4階,1K,90000,8000,90000,90000,23.38
ＪＲ中央線 飯田橋駅 38階建 築15年,東京都千代田区富士見２,36階,3SLDK,590000,0,590000,590000,83.84
ＪＲ中央線 御茶ノ水駅 8階建 築41年,東京都千代田区外神田２,5階,ワンルーム,104000,6000,104000,0,22.88
ＪＲ山手線 御徒町駅 11階建 築19年,東京都千代田区外神田６,3階,1K,84000,9000,84000,84000,22.55
ＪＲ山手線 御徒町駅 11階建 築19年,東京都千代田区外神田６,3階,ワンルーム,84000,9000,84000,84000,22.55
ＪＲ中央線 飯田橋駅 地下2地上38階建 築15年,東京都千代田区富士見２,36階,3LDK,590000,0,590000,590000,83.84
ＪＲ中央線 飯田橋駅 地下2地上38階建 築15年,東京都千代田区富士見２,27階,1LDK,630000,20000,1260000,630000,85.08
スカイコート神田第3,東京都千代田区東神田１,5階,1K,89000,0,0,0,22.57
ザ・パークハウス麹町レジデンス,東京都千代田区麹町３,4階,1DK,198000,0,198000,198000,32.53
ザ・パークハウス麹町レジデンス,東京都千代田区麹町３,7階,1DK,225000,0,225000,225000,32.53
ザ・パークハウス麹町レジデンス,東京都千代田区麹町３,3階,1LDK,250000,10000,250000,250000,41.9
ザ・パークハウス麹町レジデンス,東京都千代田区麹町３,5階,1LDK,285000,0,285000,285000,41.9
ザ・パークハウス麹町レジデンス,東京都千代田区麹町３,8階,1LDK,305000,20000,610000,305000,51.75
ザ・パークハウス麹町レジデンス,東京都千代田区麹町３,11階,1LDK,310000,20000,310000,620000,51.75
ザ・パークハウス麹町レジデンス,東京都千代田区麹町３,12階,1LDK,315000,20000,630000,315000,51.75
ザ・パークハウス麹町レジデンス,東京都千代田区麹町３,14階,2LDK,350000,0,700000,350000,51.75
ザ・パークハウス麹町レジデンス,東京都千代田区麹町３,13階,1LDK,320000,30000,640000,320000,51.75
ザ・パークハウス麹町レジデンス,東京都千代田区麹町３,13階,1LDK,330000,30000,660000,330000,51.75
ザ・パークハウス麹町レジデンス,東京都千代田区麹町３,8階,3LDK,445000,20000,445000,445000,71.33
ザ・パークハウス麹町レジデンス,東京都千代田区麹町３,8階,3LDK,490000,20000,490000,490000,71.33
スカイコート九段下,東京都千代田区飯田橋２,3階,1K,88200,6800,88200,88200,23.0
スカイコート九段下,東京都千代田区飯田橋２,6階,1K,96800,8200,96800,96800,27.65
スカイコート九段下,東京都千代田区飯田橋２,2階,1K,100000,10500,0,100000,23.0
スカイコート九段下,東京都千代田区飯田橋２,6階,1K,100000,11000,0,100000,23.0
スカイコート九段下,東京都千代田区飯田橋２,2階,1K,107000,10500,0,107000,27.65
スカイコート九段下,東京都千代田区飯田橋２,2階,1K,107000,11000,0,107000,27.65
番町ロイヤルコート,東京都千代田区一番町,6階,ワンルーム,108000,10000,216000,108000,23.1
番町ロイヤルコート,東京都千代田区一番町,3階,ワンルーム,108000,12000,216000,108000,26.4
番町ロイヤルコート,東京都千代田区一番町,2階,ワンルーム,120000,14000,240000,120000,29.7
パレドール神田,東京都千代田区神田須田町２,8階,ワンルーム,83000,6000,83000,83000,18.93
プラウドタワー千代田富士見,東京都千代田区富士見２,23階,2LDK,398000,22000,796000,398000,65.6
ダイアパレス東神田II,東京都千代田区東神田３,5階,ワンルーム,99000,6000,99000,99000,29.33
ステージファースト神田,東京都千代田区岩本町２,6階,1K,87000,6000,87000,87000,25.39
ステージファースト神田,東京都千代田区岩本町２,8階,1K,89000,10000,89000,89000,25.39
ステージファースト神田,東京都千代田区岩本町２,9階,1K,97000,10000,0,145500,28.78
ステージファースト神田,東京都千代田区岩本町２,5階,1DK,157000,9000,157000,0,38.77
ダイヤモンドレジデンス西神田,東京都千代田区西神田２,3階,ワンルーム,68000,4000,68000,68000,13.24
ブリリア一番町,東京都千代田区一番町,6階,3LDK,500000,57000,1000000,500000,94.24
ラ・トゥール千代田,東京都千代田区西神田３,21階,ワンルーム,350000,0,700000,0,54.25
ラ・トゥール千代田,東京都千代田区西神田３,25階,1LDK,470000,0,940000,0,69.27
ラ・トゥール千代田,東京都千代田区西神田３,1階,2LDK,620000,0,1240000,0,93.7
ラ・トゥール千代田,東京都千代田区西神田３,32階,2LDK,640000,0,1280000,0,89.93
ラ・トゥール千代田,東京都千代田区西神田３,32階,3LDK,1560000,0,3120000,0,199.02
東京メトロ半蔵門線 半蔵門駅 9階建 築13年,東京都千代田区三番町,9階,3LDK,600000,0,600000,600000,138.19
ＪＲ山手線 神田駅 地下1地上12階建 築4年,東京都千代田区神田多町２,7階,1LDK,190000,12000,190000,0,37.91
東京メトロ有楽町線 永田町駅 16階建 築10年,東京都千代田区平河町２,12階,2LDK,420000,20000,420000,420000,74.4
パークハウス平河町,東京都千代田区平河町１,4階,1LDK,190000,10000,190000,190000,39.57
パークハウス平河町,東京都千代田区平河町１,2階,2LDK,280000,0,280000,560000,60.71
ＪＲ山手線 秋葉原駅 地下1地上21階建 築18年,東京都千代田区神田練塀町,6階,1LDK,175000,0,350000,175000,41.92
ＪＲ山手線 秋葉原駅 地下1地上21階建 築18年,東京都千代田区神田練塀町,6階,1LDK,175000,15000,350000,175000,41.92
ＪＲ山手線 秋葉原駅 地下1地上21階建 築18年,東京都千代田区神田練塀町,5階,1SLDK,200000,15000,200000,400000,50.7
ラクサ神田須田町,東京都千代田区神田須田町１,9階,1K,138000,14000,0,138000,27.44
ラクサ神田須田町,東京都千代田区神田須田町１,10階,2LDK,269000,19000,269000,269000,52.95
都営新宿線 市ケ谷駅 地下1地上12階建 築19年,東京都千代田区九段北４,6階,2SLDK,330000,0,330000,330000,70.79
ＤＵＡＲＥＳ麹町,東京都千代田区麹町５,5階,1K,138000,0,138000,138000,26.56
ＤＵＡＲＥＳ麹町,東京都千代田区麹町５,10階,2LDK,260000,15000,260000,260000,54.28
フェリス松本九段,東京都千代田区九段南３,5階,ワンルーム,71000,8000,71000,0,20.89
フェリス松本九段,東京都千代田区九段南３,4階,ワンルーム,73000,8000,73000,0,20.89
グランスイート六番町,東京都千代田区六番町,1階,2LDK,350000,0,700000,350000,72.34
ＪＲ山手線 秋葉原駅 13階建 築2年,東京都千代田区外神田５,2階,3LDK,400000,0,800000,400000,90.86
カーサフジマ,東京都千代田区九段北４,3階,3LDK,300000,27200,600000,300000,76.59
ＪＲ山手線 神田駅 13階建 築9年,東京都千代田区内神田２,4階,1K,130000,10000,0,130000,26.32
オープンレジデンシア千代田東神田,東京都千代田区東神田１,6階,1LDK,180000,10000,180000,180000,40.21
オープンレジデンシア千代田東神田,東京都千代田区東神田１,12階,2LDK,225000,15000,225000,225000,53.51
ザ・レジデンス平河町,東京都千代田区平河町２,11階,3LDK,485000,20000,970000,970000,84.85
鈴重東神田コート,東京都千代田区東神田１,4階,2LDK,182000,10000,364000,182000,61.98
鈴重東神田コート,東京都千代田区東神田１,10階,2LDK,187000,10000,374000,187000,61.98
鈴重東神田コート,東京都千代田区東神田１,4階,2LDK,200200,10000,364000,182000,61.98
レジディア水道橋,東京都千代田区神田三崎町３,4階,2LDK,300000,15000,300000,600000,57.96
ザ・パークハウスグラン三番町,東京都千代田区三番町,6階,2LDK,590000,30000,1180000,590000,89.37
ザ・パークハウスグラン三番町,東京都千代田区三番町,4階,2SLDK,650000,20000,1300000,650000,105.45
ザ・パークハウスグラン三番町,東京都千代田区三番町,9階,2SLDK,680000,0,1360000,680000,101.57
東京メトロ半蔵門線 半蔵門駅 地下1地上12階建 築19年,東京都千代田区麹町３,2階,1LDK,282000,15000,0,282000,59.39
東京メトロ半蔵門線 半蔵門駅 地下1地上12階建 築19年,東京都千代田区麹町３,4階,1LDK,283000,15000,0,0,59.39
東京メトロ半蔵門線 半蔵門駅 地下1地上12階建 築19年,東京都千代田区麹町３,6階,1LDK,285000,15000,0,0,62.24
東京メトロ半蔵門線 半蔵門駅 地下1地上12階建 築19年,東京都千代田区麹町３,2階,1LDK,295000,15000,0,0,59.39
東京メトロ半蔵門線 半蔵門駅 地下1地上12階建 築19年,東京都千代田区麹町３,11階,2LDK,315000,15000,0,0,59.39
東京メトロ半蔵門線 半蔵門駅 地下1地上12階建 築19年,東京都千代田区麹町３,12階,2LDK,325000,15000,0,0,59.39
ＪＲ中央線 神田駅 12階建 築3年,東京都千代田区神田多町２,10階,2LDK,379000,20000,0,379000,61.89
ＪＲ中央線 神田駅 12階建 築3年,東京都千代田区神田多町２,12階,2LDK,409000,20000,0,409000,61.89
東京メトロ有楽町線 麹町駅 地下2地上9階建 築2年,東京都千代田区麹町３,7階,2LDK,350000,0,700000,350000,55.68
ＪＲ山手線 神田駅 12階建 新築,東京都千代田区神田須田町１,9階,1DK,177000,15000,177000,0,30.51
ＣＩＴＹ　ＳＰＩＲＥ　半蔵門,東京都千代田区麹町３,11階,1LDK,315000,15000,0,0,59.39
紀尾井町ガーデンタワー,東京都千代田区紀尾井町,22階,2LDK,650000,0,2600000,0,134.65
紀尾井町ガーデンタワー,東京都千代田区紀尾井町,21階,2LDK,650000,0,2600000,0,134.65
紀尾井町ガーデンタワー,東京都千代田区紀尾井町,24階,2LDK,700000,0,2800000,0,134.65
紀尾井町ガーデンタワー,東京都千代田区紀尾井町,21階,2LDK,700000,0,2800000,0,134.65
紀尾井町ガーデンタワー,東京都千代田区紀尾井町,22階,2LDK,700000,0,2800000,0,134.65
紀尾井町ガーデンタワー,東京都千代田区紀尾井町,26階,3LDK,790000,0,3160000,0,151.96
フォルム六番町,東京都千代田区六番町,6階,2SLDK,415000,15000,415000,415000,83.24
フォルム六番町,東京都千代田区六番町,6階,2SLDK,435000,15000,435000,217500,83.24
Ｄ・Ｃ・Ｍ麹町,東京都千代田区麹町３,5階,2DK,240000,10000,480000,240000,51.83
ミレニアムガーデンコート,東京都千代田区二番町,8階,2LDK,410000,10000,820000,0,87.18
ミレニアムガーデンコート,東京都千代田区二番町,6階,1LDK,420000,0,420000,420000,73.76
ミレニアムガーデンコート,東京都千代田区二番町,11階,2LDK,540000,0,540000,540000,89.48
東京メトロ有楽町線 麹町駅 地下4地上17階建 築24年,東京都千代田区二番町,11階,2LDK,590000,0,590000,590000,89.48
ＪＲ山手線 神田駅 10階建 築9年,東京都千代田区鍛冶町２,10階,1DK,158000,0,158000,158000,30.1
ＳＹＦＯＲＭＥ　ＫＡＮＤＡ,東京都千代田区神田富山町,5階,1DK,116000,13000,0,116000,31.11
ＳＹＦＯＲＭＥ　ＫＡＮＤＡ,東京都千代田区神田富山町,5階,1LDK,186000,10000,0,186000,44.39
ＳＹＦＯＲＭＥ　ＫＡＮＤＡ,東京都千代田区神田富山町,5階,1LDK,186000,13000,0,186000,44.39
ウェリスタワー千代田岩本町,東京都千代田区岩本町１,2階,1LDK,150000,10000,150000,150000,31.72
ウェリスタワー千代田岩本町,東京都千代田区岩本町１,2階,1LDK,170000,10000,170000,170000,31.72
レオーネ秋葉原,東京都千代田区東神田３,4階,ワンルーム,121000,12000,121000,121000,25.57
パレステュディオ御茶ノ水駿河台参番館,東京都千代田区神田錦町３,8階,2LDK,300000,14900,300000,300000,89.39
リビオレゾン千代田岩本町ルジェンテ,東京都千代田区岩本町２,12階,ワンルーム,119000,6000,0,119000,25.03
リビオレゾン千代田岩本町ルジェンテ,東京都千代田区岩本町２,11階,1LDK,174000,13000,87000,174000,40.04
リビオレゾン千代田岩本町ルジェンテ,東京都千代田区岩本町２,11階,1LDK,175000,13000,87500,175000,40.04
東京メトロ東西線 九段下駅 地下1地上12階建 築26年,東京都千代田区神田神保町３,10階,1K,134000,10000,134000,134000,35.69
東京メトロ東西線 九段下駅 地下1地上12階建 築26年,東京都千代田区神田神保町３,9階,2LDK,225000,15000,225000,225000,55.97
フォーシーズンズグランデ一番町,東京都千代田区一番町,8階,2LDK,460000,45000,920000,460000,87.68
フォーシーズンズグランデ一番町,東京都千代田区一番町,8階,2LDK,460000,45000,920000,460000,83.55
ミュラーハウス,東京都千代田区一番町,7階,2LDK,525000,25000,525000,525000,75.27
ミュラーハウス,東京都千代田区一番町,5階,2LDK,525000,25000,525000,525000,75.27
ＣＯＮＯＥ一番町,東京都千代田区一番町,9階,1LDK,230000,0,460000,230000,40.65
サンビューハイツ四番町,東京都千代田区四番町,3階,3LDK,350000,0,700000,350000,71.75
カーサ麹町　３０１,東京都千代田区麹町３,3階,1LDK,141000,6000,141000,0,31.88
ＧＲＥＥＮ　ＰＡＲＫ千代田淡路町,東京都千代田区神田多町２,2階,1LDK,183000,10000,366000,183000,40.01
東京メトロ千代田線 新御茶ノ水駅 7階建 新築,東京都千代田区神田駿河台３,5階,1LDK,186000,0,186000,372000,44.05
東京メトロ千代田線 新御茶ノ水駅 7階建 新築,東京都千代田区神田駿河台３,6階,1LDK,188000,0,188000,376000,44.05
東京メトロ千代田線 新御茶ノ水駅 7階建 新築,東京都千代田区神田駿河台３,7階,1LDK,191000,0,191000,382000,44.05
東京メトロ千代田線 新御茶ノ水駅 7階建 新築,東京都千代田区神田駿河台３,5階,1LDK,191000,0,191000,382000,44.02
東京メトロ千代田線 新御茶ノ水駅 7階建 新築,東京都千代田区神田駿河台３,6階,1LDK,193000,0,193000,386000,44.02
東京メトロ半蔵門線 大手町駅 9階建 築9年,東京都千代田区神田錦町２,9階,1K,114000,8000,114000,114000,25.99
東京メトロ半蔵門線 大手町駅 9階建 築9年,東京都千代田区神田錦町２,2階,1DK,135000,15000,0,135000,31.86
ミテッツァ千代田三崎町,東京都千代田区神田三崎町３,7階,1DK,155000,10000,155000,155000,37.95
ミテッツァ千代田三崎町,東京都千代田区神田三崎町３,9階,1LDK,160000,10000,160000,160000,40.56
ＪＲ中央線 水道橋駅 12階建 築13年,東京都千代田区神田三崎町３,7階,1LDK,155000,10000,155000,155000,37.95
ＪＲ中央線 水道橋駅 12階建 築13年,東京都千代田区神田三崎町３,9階,1LDK,160000,10000,160000,160000,40.09
チェスターハウス九段下,東京都千代田区飯田橋２,4階,1LDK,175000,8000,175000,175000,44.57
パークルール神田司町ロンド,東京都千代田区神田司町２,9階,1LDK,172000,10000,172000,172000,33.77
パークルール神田司町ロンド,東京都千代田区神田司町２,5階,2LDK,248000,20000,0,0,44.98
パークルール神田司町ロンド,東京都千代田区神田司町２,5階,2LDK,252000,20000,252000,0,44.98
ザ・パークワンズ千代田佐久間町,東京都千代田区神田佐久間町４,3階,1LDK,144000,15000,144000,144000,35.53
ザ・パークワンズ千代田佐久間町,東京都千代田区神田佐久間町４,6階,1LDK,163000,0,163000,163000,35.53
東京メトロ日比谷線 秋葉原駅 14階建 築7年,東京都千代田区神田佐久間町３,9階,1LDK,162000,10000,162000,162000,40.5
東京メトロ日比谷線 秋葉原駅 14階建 築7年,東京都千代田区神田佐久間町３,10階,1LDK,178000,10000,178000,178000,47.85
グルックハイム紀尾井町,東京都千代田区紀尾井町,3階,1LDK,192000,10000,192000,384000,45.43
グルックハイム紀尾井町,東京都千代田区紀尾井町,6階,1LDK,235000,10000,235000,235000,55.0
グルックハイム紀尾井町,東京都千代田区紀尾井町,4階,1LDK,238000,10000,238000,476000,55.0
外神田フジハイツ,東京都千代田区外神田６,2階,2LDK,175000,0,175000,175000,52.81
東京メトロ有楽町線 麹町駅 8階建 築44年,東京都千代田区麹町２,3階,2LDK,180000,0,180000,180000,51.18
正栄ビル,東京都千代田区東神田３,4階,2DK,115000,0,115000,115000,38.04
正栄ビル,東京都千代田区東神田３,3階,2DK,125000,0,125000,125000,40.05
パレロワイヤル六番町,東京都千代田区六番町,4階,2LDK,280000,30000,560000,280000,67.26
ザ・パークハウス千代田麹町,東京都千代田区麹町６,9階,1LDK,290000,0,290000,290000,52.87
パークコート三番町ヒルトップレジデンス,東京都千代田区三番町,8階,1LDK,298000,20000,298000,596000,57.32
パークコート三番町ヒルトップレジデンス,東京都千代田区三番町,17階,2LDK,670000,0,1340000,670000,95.91
ＪＲ山手線 神田駅 12階建 築2年,東京都千代田区神田佐久間町４,2階,1LDK,150000,9000,150000,150000,35.44
ＪＲ山手線 神田駅 12階建 築2年,東京都千代田区神田佐久間町４,12階,1LDK,176000,10000,176000,176000,41.32
東京メトロ銀座線 末広町駅 14階建 築5年,東京都千代田区外神田４,3階,1LDK,188000,10000,188000,188000,42.68
R79番館大手町,東京都千代田区内神田２,2階,1K,115000,7000,115000,0,23.57
R79番館大手町,東京都千代田区内神田２,4階,1LDK,194000,10000,194000,0,40.17
飯田橋セントラルプラザ,東京都千代田区飯田橋４,6階,3DK,230000,10000,460000,230000,61.42
飯田橋セントラルプラザ,東京都千代田区飯田橋４,13階,3DK,250000,10000,250000,250000,61.42
ＪＲ総武線 浅草橋駅 7階建 築43年,東京都千代田区東神田３,5階,2DK,150000,0,300000,150000,43.0
ＪＲ総武線 浅草橋駅 7階建 築43年,東京都千代田区東神田３,3階,2LDK,195000,0,390000,195000,53.0
プレシス東神田,東京都千代田区東神田１,5階,1LDK,145000,13000,145000,145000,39.79
プレシス東神田,東京都千代田区東神田１,6階,1LDK,160000,0,160000,160000,40.3
プルデンシャルタワーレジデンス,東京都千代田区永田町２,31階,1LDK,419000,20000,1257000,0,74.26
プルデンシャルタワーレジデンス,東京都千代田区永田町２,32階,1LDK,420000,20000,1260000,0,74.26
プルデンシャルタワーレジデンス,東京都千代田区永田町２,33階,1LDK,422000,20000,1266000,0,71.49
プルデンシャルタワーレジデンス,東京都千代田区永田町２,26階,1LDK,427000,20000,854000,0,75.5
プルデンシャルタワーレジデンス,東京都千代田区永田町２,30階,1LDK,434000,20000,1302000,0,74.26
プルデンシャルタワーレジデンス,東京都千代田区永田町２,26階,1LDK,435000,20000,1305000,0,74.26
プルデンシャルタワーレジデンス,東京都千代田区永田町２,35階,1LDK,439000,20000,1317000,0,74.26
プルデンシャルタワーレジデンス,東京都千代田区永田町２,32階,1LDK,446000,20000,1338000,0,75.5
プルデンシャルタワーレジデンス,東京都千代田区永田町２,34階,1LDK,448000,20000,1344000,0,75.5
プルデンシャルタワーレジデンス,東京都千代田区永田町２,35階,1LDK,449000,20000,1347000,0,75.5
プルデンシャルタワーレジデンス,東京都千代田区永田町２,29階,1LDK,475000,20000,950000,0,75.5
プルデンシャルタワーレジデンス,東京都千代田区永田町２,26階,2LDK,561000,25000,1683000,0,93.97
プルデンシャルタワーレジデンス,東京都千代田区永田町２,31階,2LDK,610000,25000,1830000,0,98.73
プルデンシャルタワーレジデンス,東京都千代田区永田町２,36階,2LDK,619000,25000,1857000,0,98.73
プルデンシャルタワーレジデンス,東京都千代田区永田町２,29階,2LDK,641000,25000,1282000,641000,98.73
メゾンクラフト神田錦町,東京都千代田区神田錦町２,4階,1LDK,183000,17000,183000,183000,43.34
ＪＲ中央線 御茶ノ水駅 13階建 築8年,東京都千代田区神田猿楽町１,4階,1DK,117000,10000,117000,117000,24.54
ＪＲ中央線 御茶ノ水駅 13階建 築8年,東京都千代田区神田猿楽町１,4階,1DK,119000,10000,119000,119000,24.54
ＪＲ中央線 御茶ノ水駅 13階建 築8年,東京都千代田区神田猿楽町１,6階,2DK,175000,15000,175000,262500,40.18
ＪＲ総武線快速 馬喰町駅 13階建 築9年,東京都千代田区東神田１,6階,1LDK,190000,10000,190000,190000,40.21
カーサ内神田,東京都千代田区内神田１,9階,1LDK,168000,10000,168000,168000,40.69
maison chaleur,東京都千代田区神田駿河台３,7階,1LDK,196000,0,196000,392000,44.02
プラウド千代田淡路町,東京都千代田区神田須田町１,7階,1LDK,190000,10000,0,190000,44.73
東神田プレイス,東京都千代田区東神田２,8階,ワンルーム,86000,10000,0,0,16.46
東神田プレイス,東京都千代田区東神田２,10階,1LDK,202000,10000,0,0,49.16
東神田プレイス,東京都千代田区東神田２,10階,1LDK,205000,10000,0,0,49.16
東神田プレイス,東京都千代田区東神田２,12階,1LDK,206000,10000,0,0,49.16
ローレルアイ千代田淡路町,東京都千代田区神田小川町１,14階,1LDK,260000,20000,260000,260000,50.0
ＪＲ中央線 水道橋駅 14階建 築2年,東京都千代田区神田猿楽町２,9階,1LDK,237000,18000,237000,0,40.87
ＪＲ山手線 神田駅 12階建 築6年,東京都千代田区神田西福田町,8階,1DK,162000,15000,162000,162000,33.54
ＪＲ山手線 神田駅 6階建 築8年,東京都千代田区神田北乗物町,6階,1DK,130000,10000,130000,0,31.05
東京メトロ有楽町線 麹町駅 地下1地上3階建 築24年,東京都千代田区二番町,B1-3階,5LDK,2600000,0,5200000,2600000,414.63
岩本町ビル,東京都千代田区岩本町１,4階,2DK,180000,10000,180000,180000,38.88
都営新宿線 市ケ谷駅 地下1地上8階建 築25年,東京都千代田区九段南３,4階,ワンルーム,148000,5000,148000,148000,35.01
東京メトロ銀座線 神田駅 14階建 築8年,東京都千代田区神田須田町１,12階,1LDK,180000,20000,0,180000,40.66
東京メトロ銀座線 赤坂見附駅 地下3地上38階建 築22年,東京都千代田区永田町２,29階,1LDK,381000,20000,762000,0,71.49
フォーサイト神田多町,東京都千代田区神田多町２,6階,ワンルーム,116000,20000,116000,0,25.71
フォーサイト神田多町,東京都千代田区神田多町２,7階,ワンルーム,117000,20000,117000,0,25.71
フォーサイト神田多町,東京都千代田区神田多町２,8階,ワンルーム,118000,20000,118000,0,25.71
フォーサイト神田多町,東京都千代田区神田多町２,9階,ワンルーム,119000,20000,119000,0,25.71
フォーサイト神田多町,東京都千代田区神田多町２,10階,ワンルーム,120000,20000,120000,0,25.71
フォーサイト神田多町,東京都千代田区神田多町２,2階,1LDK,181000,20000,181000,0,37.75
フォーサイト神田多町,東京都千代田区神田多町２,6階,1LDK,185000,20000,185000,0,37.75
フォーサイト神田多町,東京都千代田区神田多町２,7階,1LDK,186000,20000,186000,0,37.75
フォーサイト神田多町,東京都千代田区神田多町２,8階,1LDK,187000,20000,187000,0,37.75
フォーサイト神田多町,東京都千代田区神田多町２,9階,1LDK,188000,20000,188000,0,37.75
フォーサイト神田多町,東京都千代田区神田多町２,4階,1LDK,191000,20000,191000,0,40.45
フォーサイト神田多町,東京都千代田区神田多町２,5階,1LDK,192000,20000,192000,0,40.45
フォーサイト神田多町,東京都千代田区神田多町２,6階,1LDK,193000,20000,193000,0,40.45
フォーサイト神田多町,東京都千代田区神田多町２,8階,1LDK,195000,20000,195000,0,40.45
フォーサイト神田多町,東京都千代田区神田多町２,11階,1LDK,198000,20000,198000,0,40.11
フォーサイト神田多町,東京都千代田区神田多町２,12階,1LDK,200000,20000,200000,0,40.11
フォーサイト神田多町,東京都千代田区神田多町２,11階,1LDK,205000,20000,205000,0,40.48
リヴシティ神田,東京都千代田区神田富山町,9階,1K,105000,10500,0,105000,22.72
ＣＳ１８１８,東京都千代田区三番町,5階,1K,100000,5000,0,0,14.5
東京タイムズタワー,東京都千代田区外神田４,13階,1LDK,250000,15000,500000,250000,56.41
東京タイムズタワー,東京都千代田区外神田４,5階,1LDK,265000,15000,265000,265000,62.44
東京メトロ半蔵門線 半蔵門駅 13階建 築11年,東京都千代田区麹町１,7階,1LDK,243000,12000,486000,243000,51.42
東京メトロ丸ノ内線 淡路町駅 地下1地上12階建 築6年,東京都千代田区神田須田町１,3階,1K,130000,10000,130000,130000,25.48
東京メトロ丸ノ内線 淡路町駅 地下1地上12階建 築6年,東京都千代田区神田須田町１,3階,1K,135000,10000,135000,135000,25.37
ベラ　ヴィスタ　竹橋,東京都千代田区神田錦町３,6階,1K,123000,9000,123000,123000,31.1
パークホームズ千代田淡路町,東京都千代田区神田須田町１,4階,1K,142000,0,142000,142000,25.37
パークホームズ千代田淡路町,東京都千代田区神田須田町１,3階,1K,130000,15000,130000,130000,25.48
パークホームズ千代田淡路町,東京都千代田区神田須田町１,6階,2LDK,315000,15000,315000,630000,58.12
ＪＲ山手線 神田駅 12階建 築19年,東京都千代田区神田司町２,9階,1K,120000,6000,120000,240000,31.84
アーバネックス神保町,東京都千代田区神田神保町１,4階,1K,109000,10000,109000,0,23.71
都営新宿線 岩本町駅 6階建 築10年,東京都千代田区神田東松下町,3階,1K,92000,8000,0,92000,25.09
東京メトロ半蔵門線 半蔵門駅 10階建 築52年,東京都千代田区平河町２,6階,2DK,110000,10000,220000,110000,38.01
ＣＦ１３１０,東京都千代田区富士見１,3階,ワンルーム,77000,3000,0,0,9.31
ＣＦ１３１０,東京都千代田区富士見１,2階,ワンルーム,80000,3000,0,0,11.07
ライオンズシティ九段,東京都千代田区九段南３,5階,2LDK,245000,0,245000,245000,60.07
半蔵門レジデンス,東京都千代田区平河町１,9階,1K,126000,10000,136000,136000,27.07
ＪＲ山手線 神田駅 12階建 築20年,東京都千代田区神田多町２,5階,1K,87000,10000,87000,87000,22.04
ＪＲ山手線 神田駅 12階建 築20年,東京都千代田区神田多町２,5階,1K,89000,10000,89000,89000,22.04
ＪＲ山手線 神田駅 12階建 築20年,東京都千代田区神田多町２,3階,1K,90000,10000,90000,90000,22.59
ＪＲ山手線 神田駅 12階建 築20年,東京都千代田区神田多町２,7階,1K,91000,10000,91000,91000,22.04
ＪＲ山手線 神田駅 12階建 築20年,東京都千代田区神田多町２,7階,1K,97000,10000,97000,97000,22.59
ＪＲ山手線 神田駅 12階建 築20年,東京都千代田区神田多町２,10階,1K,103000,10000,103000,103000,22.04
フォレシティ秋葉原,東京都千代田区神田佐久間町３,5階,1K,113000,7000,0,0,22.65
フォレシティ秋葉原,東京都千代田区神田佐久間町３,7階,1K,114000,7000,0,0,22.65
フォレシティ秋葉原,東京都千代田区神田佐久間町３,8階,1K,115000,7000,0,0,22.65
フォレシティ秋葉原,東京都千代田区神田佐久間町３,9階,1K,116000,7000,0,0,22.65
ＪＲ山手線 神田駅 地下1地上15階建 築19年,東京都千代田区神田須田町２,5階,1DK,140000,10000,140000,140000,32.07
ZOOM九段下,東京都千代田区九段北１,3階,1K,127500,10500,0,127500,26.23
ZOOM九段下,東京都千代田区九段北１,2階,1K,127500,10500,0,127500,25.74
ZOOM九段下,東京都千代田区九段北１,3階,1K,127500,11000,0,127500,26.23
ZOOM九段下,東京都千代田区九段北１,3階,1K,128500,10500,0,128500,26.23
ZOOM九段下,東京都千代田区九段北１,3階,1K,128500,11000,0,128500,26.23
ZOOM九段下,東京都千代田区九段北１,5階,1K,144500,10500,0,144500,25.74
ZOOM九段下,東京都千代田区九段北１,5階,1K,144500,11000,0,144500,25.74
朝日九段マンション,東京都千代田区九段北１,5階,ワンルーム,68000,6820,68000,0,18.69
朝日九段マンション,東京都千代田区九段北１,2階,2DK,123000,7000,123000,123000,41.08
朝日九段マンション,東京都千代田区九段北１,11階,2DK,160000,8000,160000,160000,43.0
アーバンキューブ九段南,東京都千代田区九段南３,12階,1LDK,231000,15000,231000,231000,53.84
ＪＲ山手線 神田駅 8階建 築21年,東京都千代田区神田淡路町１,4階,1LDK,130000,10000,260000,130000,35.36
ＪＲ山手線 神田駅 8階建 築21年,東京都千代田区神田淡路町１,3階,1LDK,155000,12000,155000,155000,35.36
ＪＲ山手線 神田駅 8階建 築21年,東京都千代田区神田淡路町１,3階,1LDK,158000,12000,158000,158000,35.36
La Perla岩本町,東京都千代田区岩本町２,8階,1K,107000,10000,0,0,25.54
La Perla岩本町,東京都千代田区岩本町２,9階,1K,109000,10000,109000,109000,25.54
La Perla岩本町,東京都千代田区岩本町２,8階,1K,118000,10000,118000,118000,25.54
La Perla岩本町,東京都千代田区岩本町２,9階,1K,120000,10000,120000,120000,25.54
La Perla岩本町,東京都千代田区岩本町２,8階,1K,121000,10000,121000,121000,25.54
La Perla岩本町,東京都千代田区岩本町２,9階,1K,123000,10000,123000,123000,25.54
東京メトロ半蔵門線 半蔵門駅 5階建 築29年,東京都千代田区三番町,1階,1LDK,135000,10000,135000,135000,36.15
東京メトロ有楽町線 麹町駅 地下2地上12階建 築29年,東京都千代田区四番町,6階,1LDK,340000,10000,340000,340000,84.33
Ｋフラッツ,東京都千代田区富士見１,4階,2LDK,139000,6000,139000,139000,40.79
プラチナコート神田,東京都千代田区神田東松下町,2階,1K,102000,8000,0,102000,25.72
パークアクシス御茶ノ水ヒルトップ,東京都千代田区神田駿河台２,13階,ワンルーム,130000,10000,130000,130000,25.83
都営新宿線 岩本町駅 14階建 築4年,東京都千代田区岩本町２,12階,ワンルーム,119000,10000,0,119000,25.03
東京メトロ銀座線 神田駅 9階建 築9年,東京都千代田区外神田２,2階,1LDK,165000,12000,0,165000,42.13
ＪＲ山手線 神田駅 14階建 築4年,東京都千代田区内神田３,3階,1K,141000,12000,0,141000,32.58
Ｊ－ＲＥＳＣＯ　神田,東京都千代田区神田多町２,3階,1K,104000,4000,0,104000,24.8
ＪＲ中央線 水道橋駅 13階建 築4年,東京都千代田区神田三崎町３,6階,1K,113000,15000,113000,113000,25.99
リブクオーレ神保町,東京都千代田区神田神保町１,2階,1K,124000,10000,124000,124000,27.39
リブクオーレ神保町,東京都千代田区神田神保町１,5階,1K,128000,10000,128000,128000,27.39
リブクオーレ神保町,東京都千代田区神田神保町１,9階,ワンルーム,129000,10000,129000,129000,26.08
リブクオーレ神保町,東京都千代田区神田神保町１,13階,ワンルーム,135000,10000,135000,135000,26.08
リブクオーレ神保町,東京都千代田区神田神保町１,13階,2LDK,301000,15000,301000,301000,54.86
デュアレス千代田三崎町,東京都千代田区神田三崎町３,2階,1K,145000,10500,0,145000,25.0
デュアレス千代田三崎町,東京都千代田区神田三崎町３,3階,ワンルーム,145500,10500,0,145500,25.03
デュアレス千代田三崎町,東京都千代田区神田三崎町３,2階,1K,145000,11000,0,145000,25.0
デュアレス千代田三崎町,東京都千代田区神田三崎町３,3階,ワンルーム,145500,11000,0,145500,25.03
デュアレス千代田三崎町,東京都千代田区神田三崎町３,8階,ワンルーム,147500,10500,0,147500,25.03
デュアレス千代田三崎町,東京都千代田区神田三崎町３,8階,1K,148000,10500,0,148000,25.06
デュアレス千代田三崎町,東京都千代田区神田三崎町３,9階,1K,148000,11000,0,148000,25.06
ヴァンクール岩本町,東京都千代田区岩本町３,5階,1K,114000,5500,114000,0,25.55
ヴァンクール岩本町,東京都千代田区岩本町３,6階,1K,132000,7500,132000,0,30.28
都営浅草線 浅草橋駅 16階建 築2年,東京都千代田区神田佐久間町４,5階,1K,141000,15000,0,0,30.25
都営浅草線 浅草橋駅 16階建 築2年,東京都千代田区神田佐久間町４,15階,1K,147000,15000,0,0,30.25
都営浅草線 浅草橋駅 16階建 築2年,東京都千代田区神田佐久間町４,7階,1LDK,211000,20000,0,0,42.56
プラムハウス日本橋,東京都千代田区東神田１,10階,1K,97000,7000,97000,0,23.92
都営新宿線 小川町駅 地下1地上9階建 築2年,東京都千代田区神田多町２,8-9階,1LDK,630000,20000,630000,630000,67.37
パレステュディオ三番町II,東京都千代田区三番町,2階,1K,94500,8500,0,0,23.92
パレステュディオ三番町II,東京都千代田区三番町,8階,1K,117000,10500,0,117000,21.9
パレステュディオ三番町II,東京都千代田区三番町,8階,1K,117000,11000,0,117000,21.9
都営新宿線 岩本町駅 地下1地上12階建 築24年,東京都千代田区岩本町２,11階,1K,107000,5000,0,0,27.5
東神田テラスレジデンス(旧・ロイジェント東神田）,東京都千代田区外神田１,10階,1LDK,238000,12000,238000,238000,45.97
ＪＲ総武線 御茶ノ水駅 13階建 築21年,東京都千代田区神田錦町３,2階,1K,84000,8000,0,84000,22.87
リンデンハウス,東京都千代田区神田小川町１,5階,ワンルーム,134000,5000,134000,134000,30.23
ＪＲ山手線 秋葉原駅 地下1地上15階建 築18年,東京都千代田区外神田４,8階,1K,107000,15000,0,0,23.85
ＪＲ山手線 秋葉原駅 地下1地上15階建 築18年,東京都千代田区外神田４,12階,1K,111000,15000,0,0,23.85
メインステージ大手町,東京都千代田区内神田２,10階,1K,98000,12000,98000,98000,24.32
ＪＲ山手線 秋葉原駅 10階建 築22年,東京都千代田区岩本町３,9階,1DK,102000,0,102000,102000,28.78
ＪＲ山手線 秋葉原駅 10階建 築22年,東京都千代田区岩本町３,9階,1K,102000,0,102000,102000,28.78
パークハビオ平河町,東京都千代田区平河町１,14階,ワンルーム,147000,10000,147000,147000,25.44
東京メトロ東西線 飯田橋駅 9階建 築21年,東京都千代田区富士見１,5階,ワンルーム,123000,9000,0,0,34.93
都営新宿線 岩本町駅 9階建 築18年,東京都千代田区神田佐久間町３,2階,1K,109000,8000,109000,0,24.86
都営新宿線 岩本町駅 9階建 築18年,東京都千代田区神田佐久間町３,3階,1K,111000,8000,111000,111000,24.29
東京メトロ半蔵門線 神保町駅 14階建 築16年,東京都千代田区神田神保町２,11階,1DK,133000,10000,266000,133000,29.71
東京メトロ半蔵門線 神保町駅 14階建 築4年,東京都千代田区神田神保町１,13階,ワンルーム,133000,10000,133000,133000,26.08
東京メトロ半蔵門線 神保町駅 14階建 築4年,東京都千代田区神田神保町１,13階,1K,135000,10000,135000,135000,26.08
東京メトロ日比谷線 秋葉原駅 地下1地上11階建 築18年,東京都千代田区神田佐久間町４,8階,1K,134000,8000,134000,134000,34.4
東京メトロ半蔵門線 神保町駅 17階建 築26年,東京都千代田区西神田３,15階,1LDK,335000,15000,670000,0,66.59
ＪＲ山手線 神田駅 13階建 築7年,東京都千代田区神田錦町１,2階,ワンルーム,119000,10000,0,119000,25.58
フロレゾン三番町,東京都千代田区三番町,5階,3LDK,650000,0,1950000,0,168.76
タウンコート富士見,東京都千代田区富士見１,2階,ワンルーム,100000,5000,100000,100000,23.54
ダイナシティ神保町,東京都千代田区神田神保町２,3階,1LDK,136000,3000,272000,136000,32.3
ダイナシティ神保町,東京都千代田区神田神保町２,11階,1LDK,133000,10000,266000,133000,29.71
ＪＲ中央線 水道橋駅 6階建 築11年,東京都千代田区神田三崎町３,5階,1K,102000,10000,102000,102000,25.03
プレール・ドゥーク秋葉原III,東京都千代田区東神田２,7階,1LDK,159000,8000,0,318000,40.62
ＪＲ山手線 神田駅 9階建 築5年,東京都千代田区神田須田町１,2階,1DK,133000,15000,0,0,30.65
ＪＲ山手線 神田駅 9階建 築5年,東京都千代田区神田須田町１,2階,1DK,143000,15000,0,0,30.65
プレール・ドゥーク神田,東京都千代田区外神田６,9階,1K,93000,5000,93000,93000,22.5
ＪＲ中央線 御茶ノ水駅 10階建 築25年,東京都千代田区外神田２,4階,1K,110600,8000,110600,110600,27.72
メインステージ東神田,東京都千代田区東神田１,8階,1K,75000,11500,0,0,22.18
メインステージ東神田,東京都千代田区東神田１,3階,1K,85000,7000,0,85000,24.83
メインステージ東神田,東京都千代田区東神田１,9階,1K,87000,9000,0,0,22.18
ＪＲ総武線 浅草橋駅 12階建 築4年,東京都千代田区東神田２,6階,1LDK,161000,15000,0,0,35.28
ＪＲ総武線 浅草橋駅 12階建 築4年,東京都千代田区東神田２,4階,1DK,163500,15000,0,0,35.28
クレール千代田岩本町,東京都千代田区岩本町２,2階,ワンルーム,88000,7000,0,88000,24.26
パレ・ドール九段下,東京都千代田区飯田橋２,4階,1K,85000,2000,85000,85000,22.54
パレ・ドール九段下,東京都千代田区飯田橋２,1階,1K,86000,6000,86000,86000,22.54
パレ・ドール九段下,東京都千代田区飯田橋２,4階,1K,84000,8000,84000,84000,22.54
パレ・ドール九段下,東京都千代田区飯田橋２,9階,1K,100000,11000,0,100000,22.54
東京メトロ東西線 九段下駅 12階建 築27年,東京都千代田区飯田橋２,9階,1K,87000,8000,87000,87000,22.54
Ｑｕ４ｔｔｒｏ　Ａｒｃａ　九段（クアトロアルカ九段）,東京都千代田区九段北１,6階,1K,175000,10000,175000,0,30.21
一番町レジデンス,東京都千代田区一番町,2階,1K,122000,12000,122000,122000,25.15
ロジェ二番町,東京都千代田区二番町,9階,1DK,180000,0,360000,0,45.77
飯田橋サンポーロハイツ,東京都千代田区飯田橋４,8階,1LDK,148000,14000,148000,148000,39.29
飯田橋サンポーロハイツ,東京都千代田区飯田橋４,8階,1LDK,162000,0,162000,162000,39.29
飯田橋サンポーロハイツ,東京都千代田区飯田橋４,8階,1LDK,162000,0,162000,162000,37.39
東京メトロ丸ノ内線 御茶ノ水駅 4階建 築9年,東京都千代田区外神田２,3階,ワンルーム,103000,5000,103000,103000,23.56
スカイコート神田弐番館,東京都千代田区神田多町２,13階,ワンルーム,109500,9500,0,0,24.01
スカイコート神田弐番館,東京都千代田区神田多町２,11階,ワンルーム,117500,9500,0,0,26.6
東京メトロ半蔵門線 永田町駅 地下5地上9階建 築46年,東京都千代田区永田町２,3階,1LDK,180000,0,180000,180000,28.96
アーバイル九段下ミッドシティ,東京都千代田区神田三崎町３,3階,ワンルーム,75000,17000,0,75000,22.68
アーバイル九段下ミッドシティ,東京都千代田区神田三崎町３,2階,1K,113500,10500,0,113500,22.68
アーバイル九段下ミッドシティ,東京都千代田区神田三崎町３,2階,1K,113500,11000,0,113500,22.68
マイクラ三番町,東京都千代田区三番町,8階,2DK,150000,10000,150000,150000,47.53
東京メトロ銀座線 末広町駅 5階建 築6年,東京都千代田区外神田５,4階,ワンルーム,107000,6000,107000,0,20.09
ＪＲ山手線 秋葉原駅 12階建 築18年,東京都千代田区岩本町３,12階,ワンルーム,108000,0,108000,108000,31.01
ＪＲ山手線 秋葉原駅 12階建 築18年,東京都千代田区岩本町３,12階,1DK,109000,0,109000,109000,31.01
ＪＲ山手線 秋葉原駅 12階建 築18年,東京都千代田区岩本町３,10階,ワンルーム,99000,16000,0,99000,31.01
ステラ岩本町,東京都千代田区岩本町３,4階,ワンルーム,105000,5500,0,0,18.8
Y’s tower,東京都千代田区神田佐久間町２,5階,1K,120000,5880,120000,120000,30.58
グラーサ三番町,東京都千代田区三番町,2階,ワンルーム,121500,8500,0,121500,31.13
パレステュディオ麹町,東京都千代田区麹町１,9階,1K,100000,18000,0,100000,28.07
パレステュディオ麹町,東京都千代田区麹町１,2階,1K,109500,9500,0,0,28.07
パレステュディオ麹町,東京都千代田区麹町１,5階,1K,119500,10500,0,119500,22.62
パレステュディオ麹町,東京都千代田区麹町１,5階,1K,119500,11000,0,119500,22.62
パレステュディオ麹町,東京都千代田区麹町１,4階,1K,126000,10500,0,126000,22.63
パレステュディオ麹町,東京都千代田区麹町１,4階,1K,126000,11000,0,126000,22.63
東京メトロ銀座線 神田駅 9階建 築19年,東京都千代田区神田須田町１,2階,1K,80000,15000,0,80000,22.92
東京メトロ銀座線 神田駅 9階建 築19年,東京都千代田区神田須田町１,2階,1K,80000,18000,0,80000,22.92
ＪＲ中央線 水道橋駅 7階建 築17年,東京都千代田区神田猿楽町２,2階,1K,121500,10500,0,121500,22.5
スカイコート神田第2,東京都千代田区東神田２,2階,1K,82000,10000,0,0,22.75
スカイコート神田第2,東京都千代田区東神田２,3階,1K,85000,10000,0,85000,22.62
スカイコート神田第2,東京都千代田区東神田２,12階,1K,97000,10500,0,97000,22.62
スカイコート神田第2,東京都千代田区東神田２,12階,1K,97000,11000,0,97000,22.62
ブランズ四番町,東京都千代田区四番町,3階,2LDK,375000,0,750000,750000,62.14
ブランズ四番町,東京都千代田区四番町,10階,3LDK,480000,20000,480000,480000,77.35
サンライズハウス,東京都千代田区神田猿楽町２,1階,ワンルーム,78000,2000,78000,78000,18.36
サンライズハウス,東京都千代田区神田猿楽町２,1階,ワンルーム,78000,2000,78000,78000,17.95
東京メトロ銀座線 神田駅 10階建 築4年,東京都千代田区神田須田町１,10階,1LDK,274000,19000,274000,274000,52.95
ユーキメゾン一番町,東京都千代田区一番町,3階,1K,127000,8000,127000,127000,30.38
ソルクレスト御茶ノ水,東京都千代田区外神田２,11階,1DK,159000,9000,159000,159000,38.01
ＪＲ中央線 市ケ谷駅 地下1地上14階建 築26年,東京都千代田区九段南３,5階,1SLDK,245000,0,245000,245000,60.07
メトロフロント神田,東京都千代田区神田須田町１,4階,1K,133000,0,266000,133000,30.25
メトロフロント神田,東京都千代田区神田須田町１,4階,1K,136000,0,272000,136000,30.25
メトロフロント神田,東京都千代田区神田須田町１,4階,1LDK,213000,0,426000,213000,55.25
メトロフロント神田,東京都千代田区神田須田町１,4階,1LDK,218000,0,436000,218000,55.25
メトロフロント神田,東京都千代田区神田須田町１,4階,1LDK,225000,0,450000,225000,55.25
一番町ファーストビル,東京都千代田区一番町,5階,1DK,146000,10000,146000,146000,44.51
プレール九段,東京都千代田区九段北１,4階,1K,98000,5000,98000,98000,22.57
プレール九段,東京都千代田区九段北１,8階,ワンルーム,94000,10000,0,94000,20.07
プレール九段,東京都千代田区九段北１,8階,1K,99000,10500,0,99000,22.73
プレール九段,東京都千代田区九段北１,8階,1K,99000,11000,0,99000,22.73
プレール九段,東京都千代田区九段北１,8階,ワンルーム,106000,10500,0,106000,24.12
プレール九段,東京都千代田区九段北１,8階,ワンルーム,106000,11000,0,106000,24.12
プレール九段,東京都千代田区九段北１,10階,ワンルーム,108000,10500,0,108000,24.12
プレール九段,東京都千代田区九段北１,10階,ワンルーム,108000,11000,0,108000,24.12
平河町平成ビル,東京都千代田区平河町１,3階,ワンルーム,125000,0,187500,125000,37.08
都営新宿線 岩本町駅 11階建 築23年,東京都千代田区東神田２,5階,1K,81000,12000,0,81000,22.62
都営新宿線 岩本町駅 11階建 築23年,東京都千代田区東神田２,10階,1K,103000,10500,0,103000,22.59
都営新宿線 岩本町駅 11階建 築23年,東京都千代田区東神田２,5階,1K,108000,10500,0,108000,22.62
都営新宿線 岩本町駅 11階建 築23年,東京都千代田区東神田２,11階,1K,109000,10500,0,109000,22.65
都営新宿線 九段下駅 10階建 築24年,東京都千代田区九段北１,8階,1K,89000,10500,0,89000,22.73
エルヴァージュ神田神保町,東京都千代田区神田神保町２,7階,1K,127000,7000,0,127000,36.24
ＪＲ中央線 御茶ノ水駅 14階建 築18年,東京都千代田区神田小川町２,6階,1K,114000,9000,0,57000,20.0
プレール東神田,東京都千代田区東神田２,10階,1K,103000,11000,0,103000,22.59
プレール東神田,東京都千代田区東神田２,5階,1K,108000,11000,0,108000,22.62
プレール東神田,東京都千代田区東神田２,11階,1K,109000,11000,0,109000,22.65
メゾン・ド・ヴィレ神田神保町,東京都千代田区神田神保町２,5階,1K,122000,0,122000,122000,32.63
メゾン・ド・ヴィレ神田神保町,東京都千代田区神田神保町２,2階,1K,130000,14000,0,130000,33.36
VICOLO ヴィコロ,東京都千代田区神田淡路町１,4階,ワンルーム,108000,0,108000,0,22.77
プレール神田佐久間町,東京都千代田区神田佐久間町４,4階,1K,89000,10500,0,89000,20.08
プレール神田佐久間町,東京都千代田区神田佐久間町４,7階,1K,89000,10500,0,89000,20.0
プレール神田佐久間町,東京都千代田区神田佐久間町４,4階,1K,89000,11000,0,89000,20.08
プレール神田佐久間町,東京都千代田区神田佐久間町４,7階,1K,89000,11000,0,89000,20.0
プレール神田佐久間町,東京都千代田区神田佐久間町４,8階,1K,90000,10500,0,90000,20.0
プレール神田佐久間町,東京都千代田区神田佐久間町４,8階,1K,90000,11000,0,90000,20.0
ＪＲ山手線 秋葉原駅 12階建 築19年,東京都千代田区東神田２,2階,1K,94000,9000,0,47000,22.6
東京メトロ有楽町線 永田町駅 2階建 築23年,東京都千代田区隼町,-,5LDK,1050000,50000,2100000,1050000,192.94
東京メトロ有楽町線 永田町駅 2階建 築23年,東京都千代田区隼町,1-2階,5LDK,1050000,50000,2100000,1050000,192.94
千代田区隼町　５LDK,東京都千代田区隼町,1階,5LDK,1200000,0,2400000,1200000,192.94
ルームスキノカ,東京都千代田区岩本町２,10階,1K,99000,8880,99000,99000,25.76
ルームスキノカ,東京都千代田区岩本町２,12階,1K,117000,6880,117000,117000,32.67
お茶ノ水リバーサイド,東京都千代田区外神田２,10階,ワンルーム,105000,12000,105000,105000,30.66
千代田区二番町戸建て,東京都千代田区二番町,-,4LDK,2600000,0,5200000,2600000,414.63
千代田区二番町戸建て,東京都千代田区二番町,1-3階,3LDK,2600000,0,5200000,2600000,414.63
パーク・ノヴァ九段,東京都千代田区九段南４,5階,1K,145000,10000,290000,145000,46.08
サンテミリオンお茶の水,東京都千代田区神田錦町３,8階,1K,84000,15000,0,0,24.06
ローレル永田町,東京都千代田区永田町２,4階,ワンルーム,167000,0,167000,167000,34.65
ミライズレジデンシャル九段,東京都千代田区九段北１,7階,1K,156000,10000,156000,0,32.63
ミライズレジデンシャル九段,東京都千代田区九段北１,6階,1K,159000,10000,159000,0,32.89
東京メトロ丸ノ内線 淡路町駅 地下3地上41階建 築11年,東京都千代田区神田淡路町２,34階,3SLDK,470000,0,940000,470000,73.89
東京メトロ丸ノ内線 淡路町駅 地下3地上41階建 築11年,東京都千代田区神田淡路町２,23階,3LDK,460000,20000,460000,460000,72.76
麹町ロイヤルマンション,東京都千代田区麹町４,10階,1K,140000,10000,140000,140000,34.32
麹町ロイヤルマンション,東京都千代田区麹町４,9階,1DK,175000,5000,175000,175000,34.32
朝日三番町プラザ,東京都千代田区三番町,2階,ワンルーム,80000,6000,80000,80000,23.49
朝日三番町プラザ,東京都千代田区三番町,2階,1LDK,140000,10000,140000,140000,34.81
都営新宿線 市ケ谷駅 8階建 築43年,東京都千代田区九段南３,2階,ワンルーム,65000,9000,65000,0,17.37
藤和半蔵門コープ,東京都千代田区隼町,3階,1K,140000,0,140000,140000,36.93
ＪＲ中央線 御茶ノ水駅 11階建 築47年,東京都千代田区神田駿河台２,2階,ワンルーム,70000,3000,70000,70000,14.96
ＪＲ中央線 御茶ノ水駅 11階建 築47年,東京都千代田区神田駿河台２,3階,ワンルーム,73000,5000,73000,0,14.58
若木第2ビル,東京都千代田区神田神保町２,3階,ワンルーム,105000,3000,105000,105000,34.65
コトー駿河台,東京都千代田区神田駿河台１,8階,1K,70000,5000,0,0,15.1
コトー駿河台,東京都千代田区神田駿河台１,6階,ワンルーム,90000,0,90000,90000,22.05
コトー駿河台,東京都千代田区神田駿河台１,3階,ワンルーム,110000,11000,220000,110000,23.84
東京ロイヤルプラザ,東京都千代田区内神田１,8階,ワンルーム,78000,2000,0,78000,17.05
東京メトロ半蔵門線 半蔵門駅 7階建 築38年,東京都千代田区三番町,7階,ワンルーム,110000,8000,110000,110000,23.49
東京メトロ東西線 九段下駅 9階建 築44年,東京都千代田区九段北１,2階,ワンルーム,65000,5000,65000,65000,23.23
東京メトロ東西線 九段下駅 9階建 築44年,東京都千代田区九段北１,3階,ワンルーム,85000,5000,85000,85000,23.23
SHフラット,東京都千代田区神田和泉町,6階,3LDK,266000,11000,266000,266000,75.04
ＪＲ中央線 御茶ノ水駅 地下3地上41階建 築11年,東京都千代田区神田淡路町２,23階,3LDK,460000,20000,460000,460000,73.89
東京メトロ有楽町線 麹町駅 11階建 築52年,東京都千代田区二番町,9階,ワンルーム,75000,5000,75000,75000,18.27
ＪＲ山手線 秋葉原駅 9階建 築27年,東京都千代田区神田佐久間町４,4階,1K,82000,10000,82000,82000,27.16
ＪＲ山手線 秋葉原駅 9階建 築27年,東京都千代田区神田佐久間町４,4階,1K,85000,10000,85000,0,27.16
ＪＲ山手線 秋葉原駅 9階建 築27年,東京都千代田区神田佐久間町４,4階,1K,85000,12000,85000,0,27.16
ＪＲ山手線 秋葉原駅 9階建 築27年,東京都千代田区神田佐久間町４,3階,1K,85000,12000,85000,0,27.16
ファインコート秋葉原,東京都千代田区神田佐久間町４,6階,1K,85000,12000,85000,0,27.16
ヒルトップ半蔵門,東京都千代田区一番町,4階,2LDK,279000,26000,279000,139500,65.16
ヒルトップ半蔵門,東京都千代田区一番町,5階,3LDK,320000,26000,320000,0,75.01
ヒルトップ半蔵門,東京都千代田区一番町,5階,3LDK,330000,26000,330000,330000,75.01
東京メトロ半蔵門線 半蔵門駅 地下1地上14階建 築2年,東京都千代田区一番町,7階,3LDK,480000,20000,480000,480000,72.41
ＪＲ中央線 四ツ谷駅 8階建 築23年,東京都千代田区六番町,8階,3LDK,643000,0,643000,643000,106.27
東京メトロ有楽町線 市ケ谷駅 7階建 築25年,東京都千代田区九段南３,6階,1K,93000,7000,93000,93000,21.57
グランドヒルズ一番町,東京都千代田区一番町,5階,3LDK,680000,0,1360000,680000,116.99
ダイアパレス東神田,東京都千代田区東神田２,6階,ワンルーム,75000,5000,75000,75000,18.98
ダイアパレス東神田,東京都千代田区東神田２,4階,ワンルーム,94000,9000,0,47000,26.94
東京メトロ銀座線 神田駅 12階建 築4年,東京都千代田区東神田２,8階,1K,116000,10000,0,0,25.65
東京メトロ銀座線 神田駅 12階建 築4年,東京都千代田区東神田２,11階,1LDK,170000,15000,0,0,41.28
二番町テラス,東京都千代田区二番町,11階,3LDK,930000,0,1860000,0,143.61
東京メトロ半蔵門線 半蔵門駅 地下2地上14階建 築9年,東京都千代田区三番町,2階,3LDK,860000,0,1720000,860000,108.53
東京メトロ半蔵門線 半蔵門駅 地下2地上14階建 築9年,東京都千代田区三番町,2階,3SLDK,890000,0,1780000,890000,120.65
Dimus大手町North　【ディームス大手町ノース】,東京都千代田区神田多町２,3階,2SLDK,284000,15000,284000,0,50.0
東京メトロ半蔵門線 神保町駅 14階建 新築,東京都千代田区神田神保町２,4階,3LDK,400000,30000,400000,400000,70.84
ＪＲ中央線 御茶ノ水駅 地下1地上14階建 新築,東京都千代田区西神田２,6階,2K,238000,0,238000,238000,45.04
ＪＲ中央線 御茶ノ水駅 地下1地上14階建 新築,東京都千代田区西神田２,6階,2LDK,320000,0,320000,320000,65.08
東京メトロ半蔵門線 神保町駅 5階建 築6年,東京都千代田区神田神保町１,2階,1K,107000,7000,107000,107000,23.15
ブランズ六番町,東京都千代田区六番町,6階,3LDK,900000,0,1800000,1800000,114.28
パークアクシス三番町,東京都千代田区三番町,9階,3LDK,631000,20000,631000,0,93.23
ＪＲ中央線 飯田橋駅 地下2地上40階建 築10年,東京都千代田区富士見２,29階,2SLDK,598000,0,1196000,598000,74.77
ラヴィラント御茶ノ水,東京都千代田区神田猿楽町１,6階,1SLDK,175000,15000,175000,262500,40.18
東京メトロ半蔵門線 半蔵門駅 地下2地上14階建 築9年,東京都千代田区三番町,2階,3LDK,890000,0,1780000,890000,120.65
パークコート千代田一番町,東京都千代田区一番町,2階,2LDK,310000,20000,620000,310000,51.11
パークコート千代田一番町,東京都千代田区一番町,14階,2LDK,460000,20000,460000,460000,60.1
パークコート千代田一番町,東京都千代田区一番町,7階,2SLDK,480000,20000,480000,480000,72.41
パークコート千代田一番町,東京都千代田区一番町,13階,2LDK,530000,30000,530000,530000,73.22
東京メトロ日比谷線 秋葉原駅 11階建 築3年,東京都千代田区神田佐久間町３,3階,2LDK,310000,20000,310000,310000,70.55
都営新宿線 岩本町駅 14階建 新築,東京都千代田区岩本町２,10階,2LDK,295000,15000,295000,295000,59.54
ガレリアドゥエル神田岩本町,東京都千代田区岩本町２,11階,1SLDK,400000,0,400000,400000,59.54
ＮＢ秋葉原,東京都千代田区東神田２,2階,2LDK,192000,8000,192000,192000,46.1
ＮＢ秋葉原,東京都千代田区東神田２,10階,2LDK,204000,8000,204000,204000,46.1
グラックス市ヶ谷一口坂,東京都千代田区九段北４,5階,2SLDK,330000,0,330000,330000,70.79
グラックス市ヶ谷一口坂,東京都千代田区九段北４,5-6階,2LDK,330000,0,330000,330000,70.79
ガーラ・ヴィスタ水道橋,東京都千代田区神田猿楽町２,13階,2LDK,240000,0,480000,240000,50.13
東京メトロ千代田線 新御茶ノ水駅 地下2地上19階建 築15年,東京都千代田区神田須田町１,6階,2LDK,386000,0,772000,0,63.8
四番町テラス,東京都千代田区四番町,2階,3SLDK,550000,0,1100000,550000,108.85
麹町三番町マンション,東京都千代田区三番町,4階,3LDK,380000,0,380000,380000,105.6
ＪＲ山手線 秋葉原駅 3階建 築48年,東京都千代田区神田和泉町,3階,3DK,150000,0,150000,150000,53.64
二番町パークフォレスト,東京都千代田区二番町,12階,2LDK,650000,0,1300000,1300000,133.84
プラネスーペリア四番町,東京都千代田区四番町,8階,2LDK,400000,20000,400000,400000,67.0
パルシオ五番町,東京都千代田区五番町,4階,2LDK,348000,20000,696000,348000,66.67
アトラス千代田御茶ノ水,東京都千代田区神田猿楽町１,10階,2LDK,335000,0,670000,670000,57.45
ＪＲ山手線 神田駅 12階建 築4年,東京都千代田区神田多町２,11階,1SLDK,197000,12000,197000,0,37.91
パークコート三番町,東京都千代田区三番町,6階,2LDK,750000,0,1500000,750000,113.71
東京メトロ半蔵門線 半蔵門駅 7階建 築24年,東京都千代田区一番町,2階,2LDK,525000,25000,525000,525000,75.27
アルファグランデ千桜タワー,東京都千代田区神田東松下町,23階,2LDK,318000,30000,318000,318000,57.31
ウエリス千代田東神田,東京都千代田区東神田２,6階,1LDK,185000,15000,185000,185000,42.47
オーキッドレジデンス千代田岩本町,東京都千代田区岩本町１,8階,1LDK,168000,10000,168000,0,40.21
ルグラン三番町,東京都千代田区三番町,2階,2LDK,480000,0,960000,480000,98.0
ルジェンテ千代田神保町,東京都千代田区神田神保町１,2階,1LDK,150000,10000,150000,150000,30.63
ルジェンテ千代田神保町,東京都千代田区神田神保町１,7階,1LDK,185000,10000,185000,185000,39.74
ライオンズ千代田三崎町,東京都千代田区神田三崎町３,12階,1LDK,168000,0,168000,168000,37.03
ＣＯＮＯＥ＜秋葉原岩本町＞,東京都千代田区岩本町３,3階,1LDK,180000,10000,360000,180000,47.29
チェスターハウス猿楽町,東京都千代田区神田猿楽町１,2階,1LDK,160000,4000,320000,0,39.99
アイディーコート飯田橋,東京都千代田区飯田橋２,5階,1LDK,225000,18000,225000,225000,46.2
東京メトロ銀座線 神田駅 10階建 築11年,東京都千代田区神田淡路町２,10階,1LDK,180000,8000,180000,180000,40.13
藤和妻恋坂コープ,東京都千代田区外神田６,8階,2LDK,183000,0,0,183000,69.6
東京メトロ日比谷線 秋葉原駅 地下1地上5階建 築5年,東京都千代田区神田和泉町,4-5階,1LDK,170000,5000,170000,170000,44.76
ＪＲ山手線 秋葉原駅 12階建 築5年,東京都千代田区東神田２,6階,1SLDK,170000,5000,170000,170000,40.62
ＪＲ中央線 四ツ谷駅 地下1地上14階建 築5年,東京都千代田区麹町６,3階,1LDK,185000,25000,185000,185000,36.4
グランリビオ千代田平河町,東京都千代田区平河町１,9階,1LDK,180000,10000,180000,180000,32.6
東京メトロ東西線 九段下駅 12階建 築10年,東京都千代田区九段南２,4階,1LDK,200000,6000,200000,200000,45.96
ＪＲ総武線 浅草橋駅 4階建 築36年,東京都千代田区東神田３,3階,2DK,125000,0,125000,125000,38.04
東京メトロ銀座線 神田駅 10階建 築21年,東京都千代田区神田須田町２,9階,1LDK,220000,10000,220000,220000,64.16
アンビックス神田,東京都千代田区神田鍛冶町３,3階,1LDK,188000,13000,188000,188000,40.41
富士第一ビル,東京都千代田区神田須田町１,8階,2LDK,257500,20000,257500,0,73.39
ホーマッドアドミラル,東京都千代田区二番町,2階,2SLDK,560000,20000,1120000,560000,115.27
J-FIRST CHIYODA　【ジェイファーストチヨダ】,東京都千代田区外神田２,2階,1SLDK,165000,12000,0,165000,42.13
ニューアガタビル,東京都千代田区東神田１,4階,ワンルーム,81000,1000,81000,81000,19.72
ニューアガタビル,東京都千代田区東神田１,5階,ワンルーム,81000,1000,81000,81000,19.72
シティハウス千代田外神田,東京都千代田区外神田６,10階,1LDK,190000,20000,190000,190000,38.25
フジビュータワー飯田橋,東京都千代田区富士見１,10階,2LDK,820000,0,2460000,0,217.1
ＪＲ山手線 神田駅 9階建 築6年,東京都千代田区神田富山町,8階,1DK,163000,10000,163000,0,32.57
ＪＲ山手線 神田駅 9階建 築6年,東京都千代田区神田富山町,8階,1DK,169000,10000,169000,169000,32.57
東京メトロ東西線 飯田橋駅 12階建 築25年,東京都千代田区飯田橋３,9階,1SLDK,215000,0,215000,215000,50.8
東京メトロ東西線 九段下駅 3階建 築13年,東京都千代田区神田神保町３,3階,1K,94000,18000,0,94000,22.24
東京メトロ丸ノ内線 大手町駅 地下1地上13階建 築5年,東京都千代田区内神田１,13階,1LDK,310000,20000,310000,310000,53.27
パークリュクス御茶ノ水,東京都千代田区神田猿楽町２,5階,1K,120000,10000,120000,120000,27.69
パークリュクス御茶ノ水,東京都千代田区神田猿楽町２,6階,1LDK,181000,0,362000,181000,40.35
コンフォルト東京,東京都千代田区東神田１,2階,1DK,97000,0,97000,97000,26.61
東京メトロ半蔵門線 半蔵門駅 19階建 築16年,東京都千代田区一番町,3階,1LDK,240000,10000,240000,0,54.98
ＯＬＩＯ神田,東京都千代田区神田須田町２,7階,1K,92000,6000,0,92000,23.01
新御茶ノ水アーバントリニティ,東京都千代田区神田駿河台３,9階,1SLDK,198000,12000,198000,0,45.64
ビィ・フォルマ東日本橋,東京都千代田区東神田１,8階,1DK,125000,10500,125000,125000,30.04
岡崎ビル,東京都千代田区内神田３,5階,2DK,100000,10000,100000,100000,27.4
カームステージ内神田,東京都千代田区内神田２,5階,1K,126000,8000,126000,126000,30.18
ＪＲ山手線 神田駅 10階建 築3年,東京都千代田区内神田２,5階,1K,126000,8000,126000,126000,30.17
常秀館,東京都千代田区九段南３,2階,1LDK,190000,7000,190000,190000,39.78
常秀館,東京都千代田区九段南３,4階,1LDK,194000,7000,194000,194000,39.78
常秀館,東京都千代田区九段南３,5階,1LDK,196000,7000,196000,196000,39.78
フォレシティ神田多町,東京都千代田区神田多町２,8階,1K,98500,10000,98500,98500,23.75
フォレシティ神田多町,東京都千代田区神田多町２,10階,1K,99500,10000,99500,99500,23.75
フォレシティ神田多町,東京都千代田区神田多町２,12階,1K,115000,15000,115000,115000,27.84
ジオ一番町,東京都千代田区一番町,6階,1LDK,282000,12000,282000,282000,45.57
パークウェル秋葉原,東京都千代田区岩本町３,12階,ワンルーム,109000,0,109000,109000,31.01
OriSimple秋葉原ビル,東京都千代田区神田和泉町,4-5階,1DK,170000,5000,170000,170000,44.76
OriSimple秋葉原ビル,東京都千代田区神田和泉町,B1-1階,1DK,195000,15000,195000,195000,44.76
SYFORME JIMBOCHO,東京都千代田区神田神保町１,10階,ワンルーム,112000,8000,0,112000,25.68
SYFORME JIMBOCHO,東京都千代田区神田神保町１,5階,1K,117000,8000,0,117000,25.81
東京メトロ半蔵門線 神保町駅 地下1地上5階建 築2年,東京都千代田区神田猿楽町２,B1-1階,1LDK,225000,12000,0,0,44.67
東京メトロ半蔵門線 神保町駅 地下1地上5階建 築2年,東京都千代田区神田猿楽町２,1階,1LDK,225000,12000,0,0,44.67
東京メトロ半蔵門線 半蔵門駅 8階建 築43年,東京都千代田区麹町１,6階,2LDK,550000,0,550000,550000,118.52
ヒルクレスト御茶ノ水,東京都千代田区神田駿河台２,9階,1LDK,205000,0,205000,205000,50.09
Royal Pine Residence,東京都千代田区神田駿河台４,16階,1LDK,390000,0,780000,390000,87.58
こもれび東神田,東京都千代田区東神田１,5階,1K,98100,9200,294300,0,25.41
こもれび東神田,東京都千代田区東神田１,3階,1K,98100,9200,294300,0,25.41
東京メトロ南北線 永田町駅 4階建 築42年,東京都千代田区平河町２,3階,1LDK,123500,9500,0,0,36.68
メインステージ神田岩本町II,東京都千代田区岩本町１,8階,1K,80000,18000,0,80000,22.85
メインステージ神田岩本町II,東京都千代田区岩本町１,7階,1K,102000,10500,0,102000,22.49
カスタリア神保町,東京都千代田区神田神保町２,5階,1K,117000,8000,117000,117000,26.68
B-WALL神保町,東京都千代田区神田神保町１,8階,1K,113500,10500,0,113500,22.79
B-WALL神保町,東京都千代田区神田神保町１,8階,ワンルーム,113500,11000,0,113500,22.79
B-WALL神保町,東京都千代田区神田神保町１,9階,1K,116500,10500,0,116500,23.36
B-WALL神保町,東京都千代田区神田神保町１,9階,1K,116500,11000,0,116500,23.36
都営三田線 神保町駅 地下1地上9階建 築20年,東京都千代田区神田神保町１,8階,ワンルーム,113500,10500,0,113500,23.36
都営三田線 神保町駅 地下1地上9階建 築20年,東京都千代田区神田神保町１,8階,1K,113500,11000,0,113500,22.79
都営三田線 神保町駅 地下1地上9階建 築20年,東京都千代田区神田神保町１,9階,ワンルーム,116500,10500,0,116500,23.36
ベルジューレ神保町,東京都千代田区神田神保町１,10階,1K,118000,10000,118000,118000,25.28
アデニウム東神田,東京都千代田区東神田１,14階,1DK,145000,10000,0,0,34.16
アーバイル神田EAST,東京都千代田区神田須田町２,8階,1K,95000,4000,95000,95000,25.52
アーバイル神田EAST,東京都千代田区神田須田町２,3階,1K,110000,10500,0,110000,23.02
アーバイル神田EAST,東京都千代田区神田須田町２,3階,1K,110000,11000,0,110000,23.02
東京メトロ半蔵門線 神保町駅 9階建 築22年,東京都千代田区神田錦町３,8階,2LDK,320000,14900,320000,320000,89.39
東京メトロ東西線 飯田橋駅 12階建 築20年,東京都千代田区飯田橋２,8階,1K,98000,10000,98000,98000,27.65
東京メトロ東西線 飯田橋駅 12階建 築20年,東京都千代田区飯田橋２,2階,1K,100000,11000,0,100000,23.0
ＪＲ中央線 水道橋駅 11階建 築8年,東京都千代田区神田三崎町３,2階,1K,137000,10500,0,137000,25.06
ＪＲ中央線 水道橋駅 11階建 築8年,東京都千代田区神田三崎町３,3階,1K,145500,10500,0,145500,25.03
東京メトロ東西線 飯田橋駅 地下1地上8階建 築39年,東京都千代田区富士見１,4階,2K,110000,5000,220000,110000,35.83
東京メトロ東西線 九段下駅 地下1地上13階建 築46年,東京都千代田区九段北１,5階,2K,130000,0,260000,130000,41.08
東京メトロ丸ノ内線 淡路町駅 地下1地上13階建 築20年,東京都千代田区神田多町２,2階,1K,97000,5000,97000,97000,24.19
東京メトロ日比谷線 秋葉原駅 12階建 築21年,東京都千代田区神田佐久間町３,9階,1K,115000,7000,0,0,22.65
東京メトロ有楽町線 飯田橋駅 10階建 築21年,東京都千代田区富士見２,8階,1K,123000,6000,123000,123000,28.37
東京メトロ有楽町線 麹町駅 9階建 築48年,東京都千代田区平河町２,3階,1LDK,130000,10000,260000,130000,32.0
ＣＫ３２１５－ＮＯＲＴＨ,東京都千代田区神田佐久間町３,2階,ワンルーム,73000,5000,0,0,10.78
都営新宿線 岩本町駅 地下1地上15階建 築20年,東京都千代田区岩本町２,4階,1K,82000,10000,82000,82000,22.71
ＪＲ中央線 市ケ谷駅 10階建 築7年,東京都千代田区五番町,5階,1DK,144000,10000,144000,144000,32.94
THE AXIS KOJIMACHI 　ジアクシス麹町,東京都千代田区平河町２,5階,1K,148000,12000,148000,148000,28.5
パレステュディオ三番町,東京都千代田区三番町,8階,1LDK,190000,0,190000,190000,56.5
ＪＲ山手線 秋葉原駅 10階建 築21年,東京都千代田区神田須田町１,6階,1K,82000,8000,82000,82000,22.99
都営新宿線 馬喰横山駅 10階建 築22年,東京都千代田区岩本町１,9階,1K,90000,5000,90000,90000,23.06
ＴＨＥ千代田麹町ＴＯＷＥＲ,東京都千代田区麹町３,8階,1LDK,300000,3800,300000,300000,41.08
フェルクルール秋葉原,東京都千代田区外神田６,3階,ワンルーム,123000,10500,0,123000,25.68
フェルクルール秋葉原,東京都千代田区外神田６,3階,ワンルーム,123000,11000,0,123000,25.68
フェルクルール秋葉原,東京都千代田区外神田６,3階,ワンルーム,123000,15000,0,0,25.68
東京メトロ丸ノ内線 淡路町駅 地下1地上6階建 築37年,東京都千代田区神田司町２,5階,1LDK,120000,15000,120000,0,39.22
東京メトロ半蔵門線 半蔵門駅 12階建 築11年,東京都千代田区一番町,6階,1K,110000,10000,0,110000,25.27
新内こもれび千代田,東京都千代田区西神田２,4階,1K,112000,10000,112000,112000,29.73
東京メトロ半蔵門線 神保町駅 9階建 築19年,東京都千代田区西神田２,3階,ワンルーム,110000,10000,110000,110000,31.85
東京メトロ半蔵門線 神保町駅 9階建 築19年,東京都千代田区西神田２,4階,ワンルーム,110000,10000,110000,110000,31.05
東京メトロ半蔵門線 神保町駅 9階建 築19年,東京都千代田区西神田２,3階,1K,110000,10000,110000,110000,29.73
ＪＲ山手線 神田駅 15階建 築17年,東京都千代田区神田美倉町,3階,1K,91000,6000,91000,0,22.58
ＪＲ山手線 神田駅 15階建 築17年,東京都千代田区神田美倉町,4階,1K,103000,6000,103000,0,26.36
ＪＲ山手線 神田駅 15階建 築17年,東京都千代田区神田美倉町,13階,1K,104000,6000,104000,0,25.86
ＪＲ山手線 神田駅 15階建 築17年,東京都千代田区神田美倉町,12階,1K,108000,6000,108000,0,26.36
東京メトロ日比谷線 小伝馬町駅 11階建 築3年,東京都千代田区岩本町１,9階,1K,143000,10000,0,0,30.01
ＪＲ中央線 水道橋駅 8階建 築15年,東京都千代田区神田三崎町２,3階,ワンルーム,122000,10000,0,122000,34.94
リヴシティ秋葉原,東京都千代田区岩本町３,5階,1K,107000,10000,0,0,24.8
リヴシティ秋葉原,東京都千代田区岩本町３,12階,1K,110000,10000,0,0,24.8
リヴシティ秋葉原,東京都千代田区岩本町３,9階,1K,115000,10000,0,0,24.8
ＪＲ総武線 浅草橋駅 12階建 築19年,東京都千代田区東神田３,9階,1K,93000,5000,93000,93000,22.4
ＪＲ山手線 秋葉原駅 11階建 築20年,東京都千代田区岩本町３,2階,1K,92000,0,92000,92000,23.0
東京メトロ丸ノ内線 御茶ノ水駅 9階建 築49年,東京都千代田区神田駿河台１,3階,2DK,110000,11000,220000,110000,23.84
ＪＲ中央線 神田駅 12階建 築7年,東京都千代田区神田司町２,11階,1DK,146000,10000,146000,0,33.09
ＪＲ山手線 秋葉原駅 11階建 築10年,東京都千代田区東神田３,2階,1LDK,145000,10000,145000,145000,40.16
Ｋ－ｓｕｉｔｅ外神田,東京都千代田区外神田６,2階,ワンルーム,117000,7000,0,0,20.64
ＪＲ総武線 浅草橋駅 12階建 築19年,東京都千代田区東神田３,12階,1K,81000,10000,0,0,22.44
ＣＫ１２６,東京都千代田区神田神保町１,4階,ワンルーム,72000,3000,0,0,9.21
ＪＲ総武線快速 馬喰町駅 地下1地上12階建 築19年,東京都千代田区東神田１,11階,1K,107000,9000,0,53500,22.7
ＪＲ山手線 秋葉原駅 地下1地上5階建 新築,東京都千代田区外神田３,3階,ワンルーム,116000,0,116000,0,21.04
ＪＲ山手線 秋葉原駅 地下1地上5階建 新築,東京都千代田区外神田３,5階,ワンルーム,120000,0,120000,0,23.33
ＪＲ山手線 秋葉原駅 地下1地上5階建 新築,東京都千代田区外神田３,5階,ワンルーム,120000,10000,120000,0,23.33
ＪＲ山手線 秋葉原駅 地下1地上5階建 新築,東京都千代田区外神田３,4階,1LDK,185000,10000,185000,0,40.37
東京メトロ銀座線 末広町駅 地下1地上5階建 新築,東京都千代田区外神田３,B1階,ワンルーム,113000,0,113000,0,18.55
メイクスデザイン秋葉原,東京都千代田区神田須田町２,3階,ワンルーム,97000,10500,0,97000,22.07
メイクスデザイン秋葉原,東京都千代田区神田須田町２,3階,ワンルーム,97000,11000,0,97000,22.07
ガラシティ神田淡路町,東京都千代田区神田司町２,9階,1K,89000,10000,89000,0,22.5
四番町セントラルシティハウス,東京都千代田区四番町,5階,1K,126000,6000,0,126000,30.03
四番町セントラルシティハウス,東京都千代田区四番町,7階,1LDK,235000,0,235000,235000,46.61
メインステージ秋葉原駅前,東京都千代田区外神田１,10階,1K,87000,15000,87000,0,22.63
ＪＲ山手線 神田駅 13階建 築19年,東京都千代田区神田東紺屋町,5階,1K,78000,12000,0,78000,22.0
アイフェリーク神田,東京都千代田区神田東紺屋町,5階,1K,78000,12000,0,78000,22.09
ローズマンションミヤハラ,東京都千代田区外神田６,3階,1K,97000,6000,97000,0,25.65
ローズマンションミヤハラ,東京都千代田区外神田６,9階,1K,110000,6000,110000,0,27.39
アビデ市ヶ谷五番町,東京都千代田区五番町,5階,ワンルーム,125000,0,125000,125000,24.97
ＪＲ山手線 神田駅 15階建 築21年,東京都千代田区岩本町１,3階,1K,127000,10000,127000,127000,30.13
都営新宿線 九段下駅 11階建 築23年,東京都千代田区西神田３,4階,ワンルーム,89000,7000,89000,0,22.21
ｔａｌｉｅｓｉｎ　ＣＹ,東京都千代田区飯田橋１,7階,ワンルーム,150000,10000,150000,150000,30.3
ｔａｌｉｅｓｉｎ　ＣＹ,東京都千代田区飯田橋１,2階,ワンルーム,164000,10000,164000,164000,30.3
ｔａｌｉｅｓｉｎ　ＣＹ,東京都千代田区飯田橋１,2階,ワンルーム,174000,10000,174000,174000,30.34
東京メトロ東西線 九段下駅 14階建 築18年,東京都千代田区九段北１,5階,1K,109000,10000,109000,109000,25.02
ドルチェ秋葉原EAST,東京都千代田区東神田３,5階,1K,84000,7000,0,84000,24.79
グレース東神田,東京都千代田区東神田２,10階,1K,99000,6000,99000,99000,28.05
グレース東神田,東京都千代田区東神田２,8階,1K,103000,10500,0,103000,28.05
グレース東神田,東京都千代田区東神田２,7階,1K,103000,11000,0,103000,28.05
ＪＲ山手線 秋葉原駅 13階建 築3年,東京都千代田区東神田１,8階,2DK,225000,10000,0,0,47.57
ア－バン　シュプリ－ム　秋葉原,東京都千代田区神田和泉町,3階,1K,90000,3000,90000,90000,20.38
VIDA＃017,東京都千代田区東神田２,6階,1K,85000,10000,0,0,24.87
VIDA＃017,東京都千代田区東神田２,7階,1K,90000,6000,90000,90000,24.87
ゴールドシティ水道橋,東京都千代田区神田三崎町３,1階,ワンルーム,75900,9900,151800,75900,19.39
東京メトロ有楽町線 麹町駅 10階建 築21年,東京都千代田区麹町２,5階,ワンルーム,115000,10000,115000,115000,27.89
タワーコート秋葉原,東京都千代田区岩本町３,2階,ワンルーム,92000,0,92000,92000,23.0
ライオンズマンション飯田橋駅前,東京都千代田区飯田橋３,6階,1DK,118000,10000,118000,0,32.31
ilusa,東京都千代田区神田小川町３,2階,ワンルーム,215000,15000,430000,0,48.77
ilusa,東京都千代田区神田小川町３,3階,ワンルーム,218000,15000,436000,0,49.55
ガラ・ステージ神田,東京都千代田区神田須田町１,8階,1K,90000,10000,90000,180000,23.21
ＣＫ３３２,東京都千代田区九段南３,4階,1K,90000,3000,0,0,12.72
ＪＲ山手線 神田駅 11階建 築20年,東京都千代田区内神田３,3階,1K,95000,5000,95000,0,23.98
ＪＲ総武線 市ケ谷駅 7階建 築24年,東京都千代田区九段南３,4階,1K,88000,6000,0,0,22.41
トーアホワイトハイツ,東京都千代田区飯田橋２,3階,2DK,160000,0,320000,320000,42.9
ダイアパレス水道橋,東京都千代田区神田三崎町３,7階,1K,79000,6000,79000,79000,22.95
ＬＯＭＢＡＲＤ－ＣＯＵＲＴ神田,東京都千代田区岩本町３,5階,ワンルーム,126000,8000,126000,126000,32.77
ＬＯＭＢＡＲＤ－ＣＯＵＲＴ神田,東京都千代田区岩本町３,6階,ワンルーム,127000,8000,127000,127000,32.77
エクセリア九段,東京都千代田区西神田３,6階,ワンルーム,91000,7000,91000,0,22.21
トーシンフェニックス神田岩本町弐番館,東京都千代田区岩本町２,11階,1K,89000,10000,0,89000,22.3
トーシンフェニックス神田岩本町弐番館,東京都千代田区岩本町２,6階,1K,89000,10500,0,89000,22.92
トーシンフェニックス神田岩本町弐番館,東京都千代田区岩本町２,6階,1K,89000,11000,0,89000,22.92
クレール平河町,東京都千代田区平河町２,4階,1LDK,360000,32800,360000,360000,80.35
都営新宿線 小川町駅 地下1地上6階建 築34年,東京都千代田区神田美土代町,4階,1LDK,330000,0,660000,660000,80.74
東京メトロ有楽町線 市ケ谷駅 7階建 築20年,東京都千代田区四番町,7階,1LDK,235000,6000,235000,235000,46.61
都営新宿線 岩本町駅 13階建 築20年,東京都千代田区神田須田町２,6階,1K,95000,9000,0,0,22.99
マートルコート麹町,東京都千代田区九段南３,13階,1K,99000,8000,99000,99000,27.3
マートルコート麹町,東京都千代田区九段南３,11階,1K,125000,10000,125000,125000,37.66
マートルコート麹町,東京都千代田区九段南３,7階,ワンルーム,150000,10000,300000,150000,37.66
ＪＲ総武線 御茶ノ水駅 4階建 築4年,東京都千代田区外神田２,3階,1K,106000,5000,561800,1123600,23.15
菱和パレス九段,東京都千代田区九段北４,2階,ワンルーム,94000,10500,0,94000,22.0
菱和パレス九段,東京都千代田区九段北４,2階,ワンルーム,94000,11000,0,94000,22.0
御茶ノ水ロイヤルハイツ犬塚ビル,東京都千代田区神田猿楽町２,5階,2LDK,220000,0,440000,220000,67.87
ＪＲ山手線 秋葉原駅 12階建 築17年,東京都千代田区東神田２,7階,1K,111000,15000,111000,111000,30.29
パークサイド九段,東京都千代田区神田神保町２,4階,1K,89000,5000,89000,89000,22.32
千代田タワーアネックス,東京都千代田区岩本町３,9階,ワンルーム,95000,10500,0,95000,22.9
千代田タワーアネックス,東京都千代田区岩本町３,10階,ワンルーム,95000,11000,0,95000,22.9
Ｋ’ｓ麹町,東京都千代田区麹町１,7階,ワンルーム,145000,10000,145000,145000,32.71
マンションエイキ,東京都千代田区九段南２,3階,2DK,95000,0,95000,95000,34.5
都営三田線 神保町駅 10階建 築8年,東京都千代田区神田猿楽町１,4階,ワンルーム,84000,6000,84000,0,18.78
イルサ【ilusa】,東京都千代田区神田小川町３,2階,ワンルーム,215000,15000,430000,0,49.55
ライオンズマンション九段,東京都千代田区九段南３,2階,1LDK,155000,0,155000,155000,35.72
ＪＲ中央線 御茶ノ水駅 8階建 築8年,東京都千代田区神田猿楽町１,5階,1K,100000,10000,100000,0,20.92
九段フラワーホーム,東京都千代田区九段北４,7階,ワンルーム,72000,10000,72000,72000,21.07
九段フラワーホーム,東京都千代田区九段北４,6階,1K,83000,0,83000,0,20.77
東京メトロ東西線 竹橋駅 4階建 築56年,東京都千代田区神田錦町３,3階,1DK,92000,5000,92000,0,26.5
天兵ビル,東京都千代田区神田須田町１,4階,1SDK,130000,15000,130000,130000,35.85
アマビーレ神田猿楽町,東京都千代田区神田猿楽町２,1階,1K,100000,5000,100000,100000,22.99
東神田ＭＫビル,東京都千代田区東神田１,4階,1DK,100000,0,100000,100000,42.65
東京メトロ有楽町線 麹町駅 8階建 築45年,東京都千代田区平河町１,6階,1K,95000,0,95000,95000,20.67
ビリジアン六番町,東京都千代田区六番町,2階,ワンルーム,105000,0,105000,105000,16.84
九段リハイム,東京都千代田区九段北１,6階,ワンルーム,80000,2000,80000,0,20.81
サクレ九段上,東京都千代田区九段南２,2階,ワンルーム,114000,8000,114000,57000,26.52
サクレ九段上,東京都千代田区九段南２,6階,ワンルーム,117000,8000,117000,117000,26.52
桔梗ライオンズマンション平河町,東京都千代田区平河町１,3階,ワンルーム,78000,0,78000,78000,17.86
明君モナーク九段,東京都千代田区九段北４,3階,ワンルーム,75000,0,75000,75000,18.71
シルキーハイツ九段南2号館,東京都千代田区九段南４,6階,1K,72000,10000,72000,72000,21.83
ＪＲ山手線 神田駅 12階建 築20年,東京都千代田区岩本町３,2階,1K,104000,10000,0,0,24.8
シャーメゾン四番町,東京都千代田区四番町,1階,1K,83000,4000,83000,83000,21.0
東京メトロ半蔵門線 九段下駅 13階建 築6年,東京都千代田区九段南２,9階,1K,118000,8000,118000,59000,26.52
ＪＲ山手線 神田駅 11階建 築45年,東京都千代田区内神田１,11階,ワンルーム,69000,3000,69000,69000,21.28
シルキーハイツ九段南,東京都千代田区九段南４,4階,ワンルーム,98000,0,98000,98000,33.25
シルキーハイツ九段南,東京都千代田区九段南４,4階,ワンルーム,110000,0,110000,110000,33.25
都営新宿線 岩本町駅 地下1地上11階建 築39年,東京都千代田区岩本町２,8階,ワンルーム,90000,8000,90000,0,23.6
つくばエクスプレス 秋葉原駅 12階建 築38年,東京都千代田区神田練塀町,6階,ワンルーム,77000,0,0,0,17.88
クレール麹町,東京都千代田区麹町１,6階,1DK,198000,0,198000,198000,49.51
セントラルレジデンス番町シティタワー,東京都千代田区九段南２,2階,1LDK,188000,12000,188000,188000,48.67
東京メトロ半蔵門線 半蔵門駅 12階建 築24年,東京都千代田区九段南２,2階,1LDK,198000,12000,198000,198000,48.67
ＪＲ山手線 秋葉原駅 13階建 築20年,東京都千代田区岩本町３,7階,ワンルーム,97000,12000,97000,97000,26.21
東京メトロ銀座線 末広町駅 5階建 築53年,東京都千代田区外神田２,5階,ワンルーム,46000,12000,46000,46000,9.72
東京メトロ銀座線 末広町駅 5階建 築53年,東京都千代田区外神田２,5階,ワンルーム,53000,12000,0,0,9.72
ＪＲ山手線 秋葉原駅 6階建 築64年,東京都千代田区神田和泉町,6階,ワンルーム,66000,0,0,0,15.57
番町ハイム,東京都千代田区二番町,1-1階,ワンルーム,80000,10000,80000,80000,14.85
千鳥ヶ淵ハウス,東京都千代田区三番町,3階,ワンルーム,250000,0,500000,250000,42.51
朝日飯田橋マンション,東京都千代田区飯田橋１,10階,ワンルーム,75000,0,75000,75000,16.0
リブ九段,東京都千代田区九段北１,6階,ワンルーム,120000,0,120000,120000,29.41
ライオンズステーションプラザ半蔵門,東京都千代田区麹町１,7階,ワンルーム,99000,0,198000,0,23.63
東京メトロ半蔵門線 半蔵門駅 10階建 築42年,東京都千代田区麹町１,2階,ワンルーム,75000,0,75000,75000,17.34
ＨＡＭＩＬＴＯＮ　ＰＬＡＣＥ,東京都千代田区三番町,4階,ワンルーム,144000,10000,144000,144000,33.5
アルベルゴ御茶ノ水,東京都千代田区神田駿河台２,6階,ワンルーム,60000,5000,60000,60000,14.58
アルベルゴ御茶ノ水,東京都千代田区神田駿河台２,9階,ワンルーム,68000,3000,68000,0,16.0
アルベルゴ御茶ノ水,東京都千代田区神田駿河台２,2階,ワンルーム,73000,0,73000,73000,14.85
アルベルゴ御茶ノ水,東京都千代田区神田駿河台２,3階,ワンルーム,75000,5000,75000,150000,14.85
朝日六番町マンション,東京都千代田区六番町,8階,ワンルーム,100000,0,300000,100000,26.1
東京メトロ東西線 九段下駅 地下1地上11階建 築42年,東京都千代田区飯田橋１,7階,ワンルーム,78000,8000,0,0,17.47
コーポ麹町,東京都千代田区三番町,4階,1DK,145000,0,145000,145000,37.72
東京メトロ半蔵門線 半蔵門駅 地下1地上9階建 築54年,東京都千代田区三番町,4階,1DK,150000,0,150000,150000,37.72
ＪＲ山手線 神田駅 4階建 築45年,東京都千代田区東神田１,3階,ワンルーム,50000,11000,0,0,5.0
